probe_us,shots,rep,skill
0.5,100,0,0.5857683639360636
0.5,100,1,0.7392128078745386
0.5,100,2,0.6322106028320862
0.5,100,3,0.5623136061370326
0.5,100,4,0.5883138695315089
0.5,100,5,0.5988654225477585
0.5,100,6,0.6581742992584897
0.5,100,7,0.6280831152475945
0.5,100,8,0.6610093143057028
0.5,100,9,0.5993933646081908
0.5,100,10,0.6822214482342084
0.5,100,11,0.6810561501908151
0.5,100,12,0.6585391266567762
0.5,100,13,0.6909448349130216
0.5,100,14,0.6308070789397088
0.5,100,15,0.5833992576899132
0.5,100,16,0.6783909415208955
0.5,100,17,0.6628912369353115
0.5,100,18,0.6898672800918657
0.5,100,19,0.6635376462744762
0.5,100,20,0.6518305590183581
0.5,100,21,0.682693275578635
0.5,100,22,0.7042803391253252
0.5,100,23,0.6998844883069333
0.5,100,24,0.6676934076972247
0.5,100,25,0.6678573825894747
0.5,100,26,0.6663689891149427
0.5,100,27,0.7495777081365813
0.5,100,28,0.7172004465628845
0.5,100,29,0.6885404607698742
0.5,100,30,0.611879545670428
0.5,100,31,0.6778646865389151
0.5,100,32,0.70250121146895
0.5,100,33,0.6662792391854391
0.5,100,34,0.6882658278876334
0.5,100,35,0.6681176313378205
0.5,100,36,0.6992393270285122
0.5,100,37,0.7222064289527439
0.5,100,38,0.7024084743320991
0.5,100,39,0.6970459540370225
0.5,100,40,0.63248344721905
0.5,100,41,0.6230386655056498
0.5,100,42,0.6075187666584836
0.5,100,43,0.6324126567438038
0.5,100,44,0.6774258812491435
0.5,100,45,0.6169517172475574
0.5,100,46,0.6153277379922383
0.5,100,47,0.6369420893838383
0.5,100,48,0.6035380809602984
0.5,100,49,0.7462868526196367
0.5,100,50,0.6486996795167853
0.5,100,51,0.6947950560949017
0.5,100,52,0.6546276300356925
0.5,100,53,0.5523062753883912
0.5,100,54,0.6529064833088392
0.5,100,55,0.7432985449204159
0.5,100,56,0.6021460820620391
0.5,100,57,0.651314490935029
0.5,100,58,0.582473995175032
0.5,100,59,0.7002100011928818
0.5,100,60,0.6209851453118027
0.5,100,61,0.6471898435724599
0.5,100,62,0.6475745223239651
0.5,100,63,0.5850954491848316
0.5,100,64,0.605590964294175
0.5,100,65,0.627780905138767
0.5,100,66,0.5983854055937866
0.5,100,67,0.6289384406884994
0.5,100,68,0.630137315279531
0.5,100,69,0.7110247059605018
0.5,100,70,0.6350950436496732
0.5,100,71,0.6236534017548518
0.5,100,72,0.7019918782970151
0.5,100,73,0.685395526032379
0.5,100,74,0.6143717577384853
0.5,100,75,0.5860969012105228
0.5,100,76,0.6385889640015698
0.5,100,77,0.6669121927502903
0.5,100,78,0.6931662634033574
0.5,100,79,0.6518012722061808
0.5,100,80,0.5928601956942657
0.5,100,81,0.6656201862344304
0.5,100,82,0.6826997161890278
0.5,100,83,0.6788839850383117
0.5,100,84,0.6844601390482004
0.5,100,85,0.6732413287407795
0.5,100,86,0.672160575404972
0.5,100,87,0.6073738717226864
0.5,100,88,0.6610812044946613
0.5,100,89,0.7513928182513905
0.5,100,90,0.6477061885947973
0.5,100,91,0.7114547832987288
0.5,100,92,0.5894915350323674
0.5,100,93,0.7182107565307305
0.5,100,94,0.6575247129506794
0.5,100,95,0.6241858997158761
0.5,100,96,0.7558960969279442
0.5,100,97,0.6978769151422477
0.5,100,98,0.6706244161480706
0.5,100,99,0.5816740603259813
0.5,100,100,0.6511445138708083
0.5,100,101,0.6330651292868819
0.5,100,102,0.6851889768350441
0.5,100,103,0.7202958444477066
0.5,100,104,0.6943530857598688
0.5,100,105,0.6170129221997469
0.5,100,106,0.6520265883806184
0.5,100,107,0.6342821216074058
0.5,100,108,0.6565871444920304
0.5,100,109,0.6779358295593657
0.5,100,110,0.7648697023162849
0.5,100,111,0.6407966679601975
0.5,100,112,0.6497965487967128
0.5,100,113,0.6571453051479075
0.5,100,114,0.652601297875441
0.5,100,115,0.6379814601230237
0.5,100,116,0.6523046358471236
0.5,100,117,0.6052446744715667
0.5,100,118,0.6491622300345545
0.5,100,119,0.6214792133586391
0.5,100,120,0.5908598122947015
0.5,100,121,0.6941085432327672
0.5,100,122,0.6429455279423638
0.5,100,123,0.6317553237940625
0.5,100,124,0.6772302792849889
0.5,100,125,0.5801363891874821
0.5,100,126,0.665663732213376
0.5,100,127,0.6472157266112546
0.5,100,128,0.6738525823407508
0.5,100,129,0.6038623488364296
0.5,100,130,0.5756921727334589
0.5,100,131,0.6164574889165853
0.5,100,132,0.5875193403223231
0.5,100,133,0.661794912527109
0.5,100,134,0.6373382942642902
0.5,100,135,0.6944152666426224
0.5,100,136,0.6414304427614246
0.5,100,137,0.7024997218445219
0.5,100,138,0.6394541206927942
0.5,100,139,0.660656123745812
0.5,100,140,0.672638495985949
0.5,100,141,0.7342521929082985
0.5,100,142,0.6357359641275536
0.5,100,143,0.6919512348319319
0.5,100,144,0.5824307413368872
0.5,100,145,0.658284049936751
0.5,100,146,0.6434438410130714
0.5,100,147,0.6297895757407939
0.5,100,148,0.5733519275693455
0.5,100,149,0.6769892268291657
0.5,100,150,0.6738731165374644
0.5,100,151,0.659019107018108
0.5,100,152,0.6709839769984198
0.5,100,153,0.6696074195228869
0.5,100,154,0.6364630911447242
0.5,100,155,0.6179963298351758
0.5,100,156,0.6779345886956805
0.5,100,157,0.6679943454571549
0.5,100,158,0.7246243532179202
0.5,100,159,0.6215727211812438
0.5,100,160,0.6715073894896935
0.5,100,161,0.6460163146122115
0.5,100,162,0.5795058868817743
0.5,100,163,0.6412908611084911
0.5,100,164,0.7105861448990792
0.5,100,165,0.6255755628779489
0.5,100,166,0.6597195782915584
0.5,100,167,0.5885838537662413
0.5,100,168,0.6664808708074033
0.5,100,169,0.6718037194160769
0.5,100,170,0.6833341233236199
0.5,100,171,0.7127479072703442
0.5,100,172,0.7764259227847865
0.5,100,173,0.599687607615996
0.5,100,174,0.721321098588416
0.5,100,175,0.6272462776446236
0.5,100,176,0.684957466226937
0.5,100,177,0.7116651050609233
0.5,100,178,0.612988797782152
0.5,100,179,0.652939896112799
0.5,100,180,0.7186395782727664
0.5,100,181,0.6733482100673107
0.5,100,182,0.6162691000368457
0.5,100,183,0.6887742113950226
0.5,100,184,0.6827842308988679
0.5,100,185,0.5934839579090343
0.5,100,186,0.691969908543528
0.5,100,187,0.6455833655871916
0.5,100,188,0.6660531389732861
0.5,100,189,0.672107670317164
0.5,100,190,0.6620143926727544
0.5,100,191,0.6160242564778259
0.5,100,192,0.6493281154785981
0.5,100,193,0.6749993167916203
0.5,100,194,0.6095478706670562
0.5,100,195,0.6969316763460234
0.5,100,196,0.6324925269363144
0.5,100,197,0.6977051929070368
0.5,100,198,0.6202685641628396
0.5,100,199,0.6840999780974222
0.5,100,200,0.633932839913881
0.5,100,201,0.6522972958001262
0.5,100,202,0.6396932215995046
0.5,100,203,0.6644982963467037
0.5,100,204,0.7161147869096045
0.5,100,205,0.5762706723256114
0.5,100,206,0.7385991936345403
0.5,100,207,0.700199123465471
0.5,100,208,0.6772760616157707
0.5,100,209,0.7014849220935243
0.5,100,210,0.6306840351688359
0.5,100,211,0.6660177111467274
0.5,100,212,0.6052597362386792
0.5,100,213,0.678937480767805
0.5,100,214,0.6153390917090338
0.5,100,215,0.6555082756488176
0.5,100,216,0.6509678726785868
0.5,100,217,0.5862396151105798
0.5,100,218,0.6708063399167913
0.5,100,219,0.6045910156448886
0.5,100,220,0.5994596186607242
0.5,100,221,0.6635612381899982
0.5,100,222,0.682187259735178
0.5,100,223,0.5469769405967947
0.5,100,224,0.6569859037724637
0.5,100,225,0.6653091108762316
0.5,100,226,0.6119274062959598
0.5,100,227,0.6293578854613442
0.5,100,228,0.7272823715802257
0.5,100,229,0.6823493834898297
0.5,100,230,0.5616368128187146
0.5,100,231,0.6256636750205872
0.5,100,232,0.6867492462262572
0.5,100,233,0.6912978124114892
0.5,100,234,0.6938955979089265
0.5,100,235,0.6951466993279416
0.5,100,236,0.7113591398766602
0.5,100,237,0.6867684024821625
0.5,100,238,0.6688084882842331
0.5,100,239,0.7026576971048991
0.5,100,240,0.6831422153249864
0.5,100,241,0.6841470477152136
0.5,100,242,0.664287178613507
0.5,100,243,0.7237294466372375
0.5,100,244,0.6753801574733895
0.5,100,245,0.6731699138467724
0.5,100,246,0.6144778392039671
0.5,100,247,0.65971295965523
0.5,100,248,0.6570025819208439
0.5,100,249,0.5838829960536924
0.5,100,250,0.6200099460287307
0.5,100,251,0.6638316249557901
0.5,100,252,0.6547520486584232
0.5,100,253,0.6294338971676053
0.5,100,254,0.6836784931717188
0.5,100,255,0.718288718806142
0.5,100,256,0.6527145965586896
0.5,100,257,0.6998882467199463
0.5,100,258,0.6419518083023739
0.5,100,259,0.6273176167002913
0.5,100,260,0.6397306159981406
0.5,100,261,0.5443589199880248
0.5,100,262,0.6826905056396791
0.5,100,263,0.6232517318360123
0.5,100,264,0.67317623904006
0.5,100,265,0.6566158074553751
0.5,100,266,0.6281994314341985
0.5,100,267,0.5568557475553744
0.5,100,268,0.6907914381987007
0.5,100,269,0.7205179364826456
0.5,100,270,0.6314904663353764
0.5,100,271,0.6621193574107215
0.5,100,272,0.5429399133663955
0.5,100,273,0.6724383722319276
0.5,100,274,0.6962284372567479
0.5,100,275,0.554910908092955
0.5,100,276,0.7490232795261758
0.5,100,277,0.6839284837024016
0.5,100,278,0.6072459433712611
0.5,100,279,0.6561772590018284
0.5,100,280,0.6684511674575436
0.5,100,281,0.639541426493736
0.5,100,282,0.6270660646397025
0.5,100,283,0.6621112613273821
0.5,100,284,0.6534034985068597
0.5,100,285,0.5956983044603191
0.5,100,286,0.6760392470036035
0.5,100,287,0.6274563138424603
0.5,100,288,0.6172527498030427
0.5,100,289,0.6320453304707172
0.5,100,290,0.6212968786837167
0.5,100,291,0.6651192892771725
0.5,100,292,0.6621793578953121
0.5,100,293,0.5947234635017172
0.5,100,294,0.7129715310259962
0.5,100,295,0.6001389320630901
0.5,100,296,0.6023581840047048
0.5,100,297,0.6156414028477526
0.5,100,298,0.6242407709575168
0.5,100,299,0.6470415779267373
0.5,100,300,0.6165469890705689
0.5,100,301,0.6871040165183505
0.5,100,302,0.6319336715747479
0.5,100,303,0.6556270725674753
0.5,100,304,0.6360633977278622
0.5,100,305,0.6207113464634524
0.5,100,306,0.6656276179755908
0.5,100,307,0.6770676347743092
0.5,100,308,0.6134354903569572
0.5,100,309,0.6602570898765392
0.5,100,310,0.5475287878717582
0.5,100,311,0.5974000655546103
0.5,100,312,0.6405216469558483
0.5,100,313,0.6628938858674553
0.5,100,314,0.6501637442968392
0.5,100,315,0.6366937637194998
0.5,100,316,0.6844040686493227
0.5,100,317,0.6083716087829798
0.5,100,318,0.688824732144129
0.5,100,319,0.6105516061844913
0.5,100,320,0.6395250928439169
0.5,100,321,0.6241717349923087
0.5,100,322,0.6596487425320102
0.5,100,323,0.7108260540719373
0.5,100,324,0.6839622408048278
0.5,100,325,0.6522327853887668
0.5,100,326,0.6616475183921788
0.5,100,327,0.6960396837121205
0.5,100,328,0.6104804055138353
0.5,100,329,0.5598026965263319
0.5,100,330,0.6664748835457939
0.5,100,331,0.6992055378259872
0.5,100,332,0.6748669516972998
0.5,100,333,0.6649316631650319
0.5,100,334,0.6282495613653227
0.5,100,335,0.7111527941279625
0.5,100,336,0.5915472795263709
0.5,100,337,0.6312385272060463
0.5,100,338,0.6505674683416847
0.5,100,339,0.6262578226659068
0.5,100,340,0.677250894061451
0.5,100,341,0.6934367549540807
0.5,100,342,0.6177730757682414
0.5,100,343,0.636613949067514
0.5,100,344,0.7432947342413085
0.5,100,345,0.5903451065022067
0.5,100,346,0.6274674137619141
0.5,100,347,0.6237818982923232
0.5,100,348,0.7037074511071703
0.5,100,349,0.6689695446178774
0.5,100,350,0.6135833657971204
0.5,100,351,0.6826756274414202
0.5,100,352,0.6682368044845456
0.5,100,353,0.6284373231630025
0.5,100,354,0.5905264439421831
0.5,100,355,0.6657853869778001
0.5,100,356,0.6758434390998368
0.5,100,357,0.6695378274080347
0.5,100,358,0.6263279233688436
0.5,100,359,0.6611128046342882
0.5,100,360,0.6704046162958038
0.5,100,361,0.6529410907150596
0.5,100,362,0.633874286354269
0.5,100,363,0.6387873931702971
0.5,100,364,0.7137787903441262
0.5,100,365,0.682291628366986
0.5,100,366,0.7384820500927007
0.5,100,367,0.6932180073925907
0.5,100,368,0.7122116887567626
0.5,100,369,0.5854023977154271
0.5,100,370,0.6788448588372432
0.5,100,371,0.6726208022461937
0.5,100,372,0.6276132691601843
0.5,100,373,0.6825741330785116
0.5,100,374,0.5914987398742848
0.5,100,375,0.6099017988872764
0.5,100,376,0.692950881153412
0.5,100,377,0.6248755013167693
0.5,100,378,0.59805590623325
0.5,100,379,0.6798755168784241
0.5,100,380,0.67635440182345
0.5,100,381,0.6386142627426292
0.5,100,382,0.663249299604164
0.5,100,383,0.5941022483539435
0.5,100,384,0.7129341049608252
0.5,100,385,0.6746732201676254
0.5,100,386,0.6160973774249389
0.5,100,387,0.7159912902873771
0.5,100,388,0.6487869978049832
0.5,100,389,0.546178828703072
0.5,100,390,0.6464615688057245
0.5,100,391,0.6449374330427915
0.5,100,392,0.7262737316070202
0.5,100,393,0.6653095484456674
0.5,100,394,0.6806923564981223
0.5,100,395,0.6491027353958146
0.5,100,396,0.6785236839148353
0.5,100,397,0.6083870505012867
0.5,100,398,0.7030243320393034
0.5,100,399,0.7595492041207133
0.5,100,400,0.6416085565506267
0.5,100,401,0.6471230379201471
0.5,100,402,0.6392410754235869
0.5,100,403,0.6687709959424666
0.5,100,404,0.6028593583097579
0.5,100,405,0.6603669830446308
0.5,100,406,0.6624495248976192
0.5,100,407,0.658159242383239
0.5,100,408,0.669924033410547
0.5,100,409,0.6617438790778689
0.5,100,410,0.6399215614457388
0.5,100,411,0.5330948290313786
0.5,100,412,0.6680883343256969
0.5,100,413,0.6898984888912492
0.5,100,414,0.6465114168723769
0.5,100,415,0.5543401124939024
0.5,100,416,0.6152702096334317
0.5,100,417,0.6358381215486304
0.5,100,418,0.6739580952302726
0.5,100,419,0.5813303900087619
0.5,100,420,0.612848293555547
0.5,100,421,0.523094286854654
0.5,100,422,0.688560919997723
0.5,100,423,0.6500778690148905
0.5,100,424,0.7169511712930321
0.5,100,425,0.7151957954361743
0.5,100,426,0.641664852207529
0.5,100,427,0.6028738523325322
0.5,100,428,0.6648368661030607
0.5,100,429,0.6984174657489748
0.5,100,430,0.6766473173130954
0.5,100,431,0.5813577496393291
0.5,100,432,0.606482108976417
0.5,100,433,0.59600263668037
0.5,100,434,0.6267004855500766
0.5,100,435,0.6233430883371996
0.5,100,436,0.6328131533008359
0.5,100,437,0.6853417654360666
0.5,100,438,0.6485042334129949
0.5,100,439,0.7024088376125805
0.5,100,440,0.6433878200240957
0.5,100,441,0.6211331000719518
0.5,100,442,0.6364225626555965
0.5,100,443,0.6075724443413388
0.5,100,444,0.7068101640773083
0.5,100,445,0.6541879136518262
0.5,100,446,0.6617758047902723
0.5,100,447,0.6555675346960548
0.5,100,448,0.6545204146731612
0.5,100,449,0.6436004794771111
0.5,100,450,0.6072111495548989
0.5,100,451,0.5986364573007346
0.5,100,452,0.6568832418317199
0.5,100,453,0.6801271838867314
0.5,100,454,0.6359958996164254
0.5,100,455,0.5779486067860666
0.5,100,456,0.5503153729254051
0.5,100,457,0.6527793083873766
0.5,100,458,0.6884767781003815
0.5,100,459,0.6435672014476909
0.5,100,460,0.644940483939145
0.5,100,461,0.6924367066785297
0.5,100,462,0.6592850025618481
0.5,100,463,0.5398153509447579
0.5,100,464,0.716725405615557
0.5,100,465,0.6728407688371578
0.5,100,466,0.6259296307929785
0.5,100,467,0.6754284144654157
0.5,100,468,0.6904121942085619
0.5,100,469,0.6591297885772012
0.5,100,470,0.6551166405262605
0.5,100,471,0.6873615256719702
0.5,100,472,0.6531187464819374
0.5,100,473,0.6260340832585904
0.5,100,474,0.6283120273994941
0.5,100,475,0.7164271107851731
0.5,100,476,0.6789547213518872
0.5,100,477,0.5055830950167499
0.5,100,478,0.647678918826975
0.5,100,479,0.6356661553579857
0.5,100,480,0.6082059109694282
0.5,100,481,0.5685244899372682
0.5,100,482,0.7082666785424939
0.5,100,483,0.611597696973766
0.5,100,484,0.7514939161635903
0.5,100,485,0.6437109809608503
0.5,100,486,0.7264719461797249
0.5,100,487,0.6180894367120526
0.5,100,488,0.6738379091545688
0.5,100,489,0.6153094483756835
0.5,100,490,0.6217943587361461
0.5,100,491,0.6158658626868143
0.5,100,492,0.732698212337991
0.5,100,493,0.6797668807590846
0.5,100,494,0.5818454342182031
0.5,100,495,0.6459696117382132
0.5,100,496,0.6947911767341848
0.5,100,497,0.6891365859211709
0.5,100,498,0.6705048725031661
0.5,100,499,0.6715570234296488
0.5,100,500,0.6659535314668314
0.5,100,501,0.6902539602784992
0.5,100,502,0.6081678931744119
0.5,100,503,0.6726206178101803
0.5,100,504,0.6585485651253361
0.5,100,505,0.6922835575895803
0.5,100,506,0.7000075612063881
0.5,100,507,0.62004551975064
0.5,100,508,0.6699609445911876
0.5,100,509,0.6259903804293376
0.5,100,510,0.6136003015473528
0.5,100,511,0.5980942628807375
0.5,100,512,0.7387225624576855
0.5,100,513,0.6030456745818014
0.5,100,514,0.5997243503691415
0.5,100,515,0.7007797046403166
0.5,100,516,0.5856819563345055
0.5,100,517,0.6694477865715462
0.5,100,518,0.646243578396944
0.5,100,519,0.5493285020429928
0.5,100,520,0.7468807989119373
0.5,100,521,0.5874666685373924
0.5,100,522,0.670445900961068
0.5,100,523,0.6744636248977159
0.5,100,524,0.7560583308015827
0.5,100,525,0.6510495443995602
0.5,100,526,0.6462613764749005
0.5,100,527,0.5999755954792145
0.5,100,528,0.622218109846016
0.5,100,529,0.668304964592436
0.5,100,530,0.7208906985734111
0.5,100,531,0.678527374975356
0.5,100,532,0.6191005879621704
0.5,100,533,0.6776676324938126
0.5,100,534,0.6191980666242358
0.5,100,535,0.5782308626197492
0.5,100,536,0.6467260086118166
0.5,100,537,0.6517287460370009
0.5,100,538,0.6120303464640443
0.5,100,539,0.5921778533395168
0.5,100,540,0.5650326189853763
0.5,100,541,0.6325824191134444
0.5,100,542,0.7056451532356902
0.5,100,543,0.6741522079931102
0.5,100,544,0.6387211166941311
0.5,100,545,0.7081396641356328
0.5,100,546,0.6813009394130002
0.5,100,547,0.7108162515858227
0.5,100,548,0.6589410802025059
0.5,100,549,0.7052875155385027
0.5,100,550,0.6535346318086066
0.5,100,551,0.6936674625024084
0.5,100,552,0.6815092699247138
0.5,100,553,0.6953360956696555
0.5,100,554,0.5841979687867404
0.5,100,555,0.674355330368481
0.5,100,556,0.6702509728185598
0.5,100,557,0.6193251923666188
0.5,100,558,0.5941016085151906
0.5,100,559,0.7220836919923641
0.5,100,560,0.6746183658638875
0.5,100,561,0.6425713073481556
0.5,100,562,0.6043563754576594
0.5,100,563,0.6470645950347551
0.5,100,564,0.587773263637082
0.5,100,565,0.6728849347996005
0.5,100,566,0.6604964978857033
0.5,100,567,0.6663744629721624
0.5,100,568,0.6989758488778167
0.5,100,569,0.6414274419191837
0.5,100,570,0.644467675541063
0.5,100,571,0.6808251776171144
0.5,100,572,0.6457045306081654
0.5,100,573,0.6547281984018615
0.5,100,574,0.6087690138268478
0.5,100,575,0.6524739681029486
0.5,100,576,0.7678798255438601
0.5,100,577,0.7065539344540717
0.5,100,578,0.6076934451660823
0.5,100,579,0.7445305403848809
0.5,100,580,0.6590657772304567
0.5,100,581,0.6287770206017674
0.5,100,582,0.6946606212344604
0.5,100,583,0.7264040442946593
0.5,100,584,0.6247070024569512
0.5,100,585,0.7339558596384852
0.5,100,586,0.6187277226325727
0.5,100,587,0.7132583311643079
0.5,100,588,0.6679078241881111
0.5,100,589,0.5697082606889874
0.5,100,590,0.6863402439882348
0.5,100,591,0.7193446741127358
0.5,100,592,0.610843970998544
0.5,100,593,0.6727679545432084
0.5,100,594,0.5931020270458633
0.5,100,595,0.6913975478423537
0.5,100,596,0.6428183763211681
0.5,100,597,0.5918844948362985
0.5,100,598,0.7096686475563949
0.5,100,599,0.7094158993434455
0.5,100,600,0.5963212588700898
0.5,100,601,0.7210968773318565
0.5,100,602,0.6243581033153935
0.5,100,603,0.5853888723095311
0.5,100,604,0.6806930438510046
0.5,100,605,0.44378527294058057
0.5,100,606,0.5342974992701963
0.5,100,607,0.6243568000100046
0.5,100,608,0.6416272232811462
0.5,100,609,0.5896778225928341
0.5,100,610,0.6623953268447529
0.5,100,611,0.6427542904826284
0.5,100,612,0.5806357454523421
0.5,100,613,0.7095550264120408
0.5,100,614,0.6998983494267836
0.5,100,615,0.5633520263186458
0.5,100,616,0.7667063615810186
0.5,100,617,0.6676329436452394
0.5,100,618,0.7113548777852138
0.5,100,619,0.6036338819679437
0.5,100,620,0.66331054333438
0.5,100,621,0.6842199051489392
0.5,100,622,0.6910586813615942
0.5,100,623,0.6747194216988155
0.5,100,624,0.6124950186151777
0.5,100,625,0.671821847244948
0.5,100,626,0.5905752636153117
0.5,100,627,0.6494526782959624
0.5,100,628,0.5599070910249107
0.5,100,629,0.69969043538579
0.5,100,630,0.6134253856330838
0.5,100,631,0.7165346938920074
0.5,100,632,0.6608284544322292
0.5,100,633,0.6028443576032729
0.5,100,634,0.6874246656446799
0.5,100,635,0.642579417628574
0.5,100,636,0.7539281191994686
0.5,100,637,0.6634847429570397
0.5,100,638,0.5695577712791657
0.5,100,639,0.6677950807643644
0.5,100,640,0.6316210356437496
0.5,100,641,0.5986777842471939
0.5,100,642,0.6819003843464708
0.5,100,643,0.6584735046220649
0.5,100,644,0.58802853283104
0.5,100,645,0.6929670401046941
0.5,100,646,0.6586005183821186
0.5,100,647,0.6677502427672996
0.5,100,648,0.6239070014127794
0.5,100,649,0.6057162174559044
0.5,100,650,0.6525357555366096
0.5,100,651,0.6610063823544505
0.5,100,652,0.5255562498467938
0.5,100,653,0.679691103984513
0.5,100,654,0.6415499862681271
0.5,100,655,0.6789258440456627
0.5,100,656,0.5647989045148707
0.5,100,657,0.7289584774141405
0.5,100,658,0.6677082831673808
0.5,100,659,0.6417790033405255
0.5,100,660,0.6657156765488765
0.5,100,661,0.7006114872903106
0.5,100,662,0.6470474593109341
0.5,100,663,0.6260412024903288
0.5,100,664,0.636040889929866
0.5,100,665,0.6833959931730127
0.5,100,666,0.7049391190654987
0.5,100,667,0.6218821144177279
0.5,100,668,0.7218768554448562
0.5,100,669,0.6772810795634944
0.5,100,670,0.743876428401879
0.5,100,671,0.5554881968820788
0.5,100,672,0.5844344970140122
0.5,100,673,0.6960912440035214
0.5,100,674,0.6389592190991098
0.5,100,675,0.6111171204583812
0.5,100,676,0.6857999274568474
0.5,100,677,0.556939827362128
0.5,100,678,0.523253773732091
0.5,100,679,0.6844876782569393
0.5,100,680,0.7208725932257163
0.5,100,681,0.6423533466015374
0.5,100,682,0.7110443533692778
0.5,100,683,0.6272133096277814
0.5,100,684,0.641362544301455
0.5,100,685,0.7072145069364679
0.5,100,686,0.6769304671637402
0.5,100,687,0.6515008483423328
0.5,100,688,0.6641378797940052
0.5,100,689,0.6286988865572085
0.5,100,690,0.6733004511981012
0.5,100,691,0.7154346040770283
0.5,100,692,0.6380222167086469
0.5,100,693,0.6827192454111704
0.5,100,694,0.6507052255231549
0.5,100,695,0.6604081798596955
0.5,100,696,0.6930956352669463
0.5,100,697,0.5168640028071179
0.5,100,698,0.6404168078714452
0.5,100,699,0.6451038242282197
0.5,100,700,0.6976574837191787
0.5,100,701,0.6748881190934932
0.5,100,702,0.687046689185181
0.5,100,703,0.7059520147885052
0.5,100,704,0.7295725791464751
0.5,100,705,0.5717422836161318
0.5,100,706,0.6842749856472452
0.5,100,707,0.6938961634501426
0.5,100,708,0.6150023980547328
0.5,100,709,0.6265262179260084
0.5,100,710,0.6761788033311793
0.5,100,711,0.6123162960698747
0.5,100,712,0.6273759161467913
0.5,100,713,0.6666463805605425
0.5,100,714,0.6007466485223871
0.5,100,715,0.6975870352032252
0.5,100,716,0.6414312679430959
0.5,100,717,0.7560747620524042
0.5,100,718,0.6647209800765901
0.5,100,719,0.6947467515064079
0.5,100,720,0.722237813594824
0.5,100,721,0.552382424255003
0.5,100,722,0.6276635666464532
0.5,100,723,0.775315126904972
0.5,100,724,0.6867891208907945
0.5,100,725,0.6149037346794572
0.5,100,726,0.6356146715845019
0.5,100,727,0.6471448586542061
0.5,100,728,0.6276824557142071
0.5,100,729,0.5254508151782971
0.5,100,730,0.5928935257506771
0.5,100,731,0.6252702930720357
0.5,100,732,0.711187504126665
0.5,100,733,0.6169193548604615
0.5,100,734,0.6916293031594511
0.5,100,735,0.6405740707365615
0.5,100,736,0.6624700350530424
0.5,100,737,0.635950115182819
0.5,100,738,0.6565920933737552
0.5,100,739,0.6370817839446226
0.5,100,740,0.670379848800347
0.5,100,741,0.6569998020038919
0.5,100,742,0.6729401011091255
0.5,100,743,0.6531930296308572
0.5,100,744,0.6432368319330599
0.5,100,745,0.6319728352282796
0.5,100,746,0.7158960712159702
0.5,100,747,0.6522116762224749
0.5,100,748,0.7209416958241862
0.5,100,749,0.7137818084283394
0.5,100,750,0.5939756050312467
0.5,100,751,0.6214406443383219
0.5,100,752,0.6770100736848004
0.5,100,753,0.6509116249262856
0.5,100,754,0.6766966291415157
0.5,100,755,0.6305434326553636
0.5,100,756,0.6545935828904735
0.5,100,757,0.7094764028812862
0.5,100,758,0.6552172166221755
0.5,100,759,0.6401424749397033
0.5,100,760,0.6332662911664062
0.5,100,761,0.6204890990794073
0.5,100,762,0.7082360336548887
0.5,100,763,0.7000874616689646
0.5,100,764,0.7124485416853202
0.5,100,765,0.6498478989559267
0.5,100,766,0.6394885295828967
0.5,100,767,0.6948726109218182
0.5,100,768,0.7213719848684235
0.5,100,769,0.6455469719258644
0.5,100,770,0.5734745640733958
0.5,100,771,0.6957846052271468
0.5,100,772,0.7135581184428703
0.5,100,773,0.6183892955900477
0.5,100,774,0.6388287673606284
0.5,100,775,0.6457481164099977
0.5,100,776,0.6532142278502309
0.5,100,777,0.5812601902979495
0.5,100,778,0.6327124573121099
0.5,100,779,0.6601227674704886
0.5,100,780,0.6272922158576459
0.5,100,781,0.6988491861758207
0.5,100,782,0.6449062029392482
0.5,100,783,0.61641601701645
0.5,100,784,0.6433534237183862
0.5,100,785,0.6401820863579457
0.5,100,786,0.6824139549799544
0.5,100,787,0.6566223540730527
0.5,100,788,0.6460320159452371
0.5,100,789,0.669650448482721
0.5,100,790,0.6705088441212119
0.5,100,791,0.7255185399555932
0.5,100,792,0.6531483394815081
0.5,100,793,0.6547291367075971
0.5,100,794,0.6778945594079373
0.5,100,795,0.7181872615979965
0.5,100,796,0.6783475191601179
0.5,100,797,0.6410216246071465
0.5,100,798,0.6514774608270157
0.5,100,799,0.7112136123646218
0.5,100,800,0.6234196968369401
0.5,100,801,0.643643329740611
0.5,100,802,0.644064475185957
0.5,100,803,0.7053182106580472
0.5,100,804,0.419750687733774
0.5,100,805,0.642461060877344
0.5,100,806,0.7249857306186078
0.5,100,807,0.741927163266851
0.5,100,808,0.6660746522298138
0.5,100,809,0.6473896588743435
0.5,100,810,0.5861444898223095
0.5,100,811,0.6359609977898617
0.5,100,812,0.6629668079730895
0.5,100,813,0.7273683392464071
0.5,100,814,0.6701041972214226
0.5,100,815,0.6329480429755434
0.5,100,816,0.6533428070450809
0.5,100,817,0.6486590271240067
0.5,100,818,0.6716877401876352
0.5,100,819,0.6105127228010667
0.5,100,820,0.578393658260648
0.5,100,821,0.7105936938001053
0.5,100,822,0.650173456314225
0.5,100,823,0.7035538154058216
0.5,100,824,0.7218163209781878
0.5,100,825,0.5955927065261788
0.5,100,826,0.6436575595124306
0.5,100,827,0.6677373411581231
0.5,100,828,0.6329698400164109
0.5,100,829,0.6279873893496478
0.5,100,830,0.802830220595632
0.5,100,831,0.6406223475490358
0.5,100,832,0.6729589448735667
0.5,100,833,0.6553591641413343
0.5,100,834,0.6336645067188376
0.5,100,835,0.667750901663253
0.5,100,836,0.6506904414291618
0.5,100,837,0.687493822454347
0.5,100,838,0.6207815229224332
0.5,100,839,0.6737213696219732
0.5,100,840,0.664119420914965
0.5,100,841,0.6045504796847749
0.5,100,842,0.6511299099210024
0.5,100,843,0.6945424103932917
0.5,100,844,0.5977531539255574
0.5,100,845,0.6205629495179058
0.5,100,846,0.7056236352503256
0.5,100,847,0.7221096796976445
0.5,100,848,0.6588388410530572
0.5,100,849,0.7015934561777938
0.5,100,850,0.6736669840042625
0.5,100,851,0.6788860741132563
0.5,100,852,0.6574580140831885
0.5,100,853,0.6444723678037667
0.5,100,854,0.5946035547800907
0.5,100,855,0.6366980539828955
0.5,100,856,0.6576670971886556
0.5,100,857,0.6200681912504711
0.5,100,858,0.6358789443305476
0.5,100,859,0.6570108296178114
0.5,100,860,0.6038790401911948
0.5,100,861,0.6335437937097702
0.5,100,862,0.6051761191605494
0.5,100,863,0.5941246792011292
0.5,100,864,0.6127375156233232
0.5,100,865,0.7452598696466379
0.5,100,866,0.6165014632599009
0.5,100,867,0.6506377243961283
0.5,100,868,0.6799621109634738
0.5,100,869,0.6361981257767255
0.5,100,870,0.6417267066933346
0.5,100,871,0.6087007875471643
0.5,100,872,0.6006999651283407
0.5,100,873,0.708547597720601
0.5,100,874,0.659089581992916
0.5,100,875,0.6406097563957616
0.5,100,876,0.7823109170828193
0.5,100,877,0.7032012439320596
0.5,100,878,0.7292568386238542
0.5,100,879,0.6916851385918583
0.5,100,880,0.6465473141710207
0.5,100,881,0.6111405166939148
0.5,100,882,0.625183156421903
0.5,100,883,0.612653308950214
0.5,100,884,0.5869235661953967
0.5,100,885,0.6159242954679218
0.5,100,886,0.6961059996608293
0.5,100,887,0.6511797952288345
0.5,100,888,0.7100465965134238
0.5,100,889,0.6729879768084767
0.5,100,890,0.5881165830558291
0.5,100,891,0.7108806456176333
0.5,100,892,0.6371770575036168
0.5,100,893,0.6555026230376622
0.5,100,894,0.6159183046543436
0.5,100,895,0.6892867381951968
0.5,100,896,0.6219645476893543
0.5,100,897,0.7037175597743986
0.5,100,898,0.6914143351752724
0.5,100,899,0.7206838139071867
0.5,100,900,0.6882544724585513
0.5,100,901,0.5595231738962785
0.5,100,902,0.648376108209314
0.5,100,903,0.6345506046983471
0.5,100,904,0.682082372081785
0.5,100,905,0.701493318804515
0.5,100,906,0.6403039323573565
0.5,100,907,0.6038446341369226
0.5,100,908,0.6255388041352374
0.5,100,909,0.6647409148473753
0.5,100,910,0.7003344924137491
0.5,100,911,0.6293522522633805
0.5,100,912,0.6531205517315021
0.5,100,913,0.5947180725415762
0.5,100,914,0.6297497385972428
0.5,100,915,0.703759833446294
0.5,100,916,0.7075490144110637
0.5,100,917,0.5751202721596379
0.5,100,918,0.6815805788120418
0.5,100,919,0.7252454512368303
0.5,100,920,0.5509986625476211
0.5,100,921,0.5753270809652123
0.5,100,922,0.5789933736762841
0.5,100,923,0.6659835896816984
0.5,100,924,0.6904417680725423
0.5,100,925,0.6390874980273523
0.5,100,926,0.6947761176030591
0.5,100,927,0.6694462195572639
0.5,100,928,0.7187858374409535
0.5,100,929,0.7008956286924782
0.5,100,930,0.5954017425464722
0.5,100,931,0.6172751067772848
0.5,100,932,0.6632076645956134
0.5,100,933,0.6174188097098354
0.5,100,934,0.7160287123626181
0.5,100,935,0.6802873484522418
0.5,100,936,0.7062299288798939
0.5,100,937,0.6236818005378161
0.5,100,938,0.6023284299160527
0.5,100,939,0.6046279291744034
0.5,100,940,0.658036248466606
0.5,100,941,0.6521688626953238
0.5,100,942,0.6212206220879841
0.5,100,943,0.6544510470487419
0.5,100,944,0.6469774440150369
0.5,100,945,0.6920873540300956
0.5,100,946,0.6628947769654987
0.5,100,947,0.6218445268520214
0.5,100,948,0.681926264147286
0.5,100,949,0.7222823684784883
0.5,100,950,0.6988180226126883
0.5,100,951,0.5366918556646235
0.5,100,952,0.6226183762082727
0.5,100,953,0.5706591807309613
0.5,100,954,0.6168283851647727
0.5,100,955,0.6568133613859348
0.5,100,956,0.7009421590038287
0.5,100,957,0.6401057277099406
0.5,100,958,0.5419605668638044
0.5,100,959,0.6026673732769066
0.5,100,960,0.7011601952558632
0.5,100,961,0.7000573717902637
0.5,100,962,0.6552216754045471
0.5,100,963,0.6762478533780831
0.5,100,964,0.594791764966103
0.5,100,965,0.645712662232258
0.5,100,966,0.6239656948842269
0.5,100,967,0.5398301789449836
0.5,100,968,0.7263038246692182
0.5,100,969,0.6356017456790917
0.5,100,970,0.6086345570658822
0.5,100,971,0.6321335943354263
0.5,100,972,0.706404356614478
0.5,100,973,0.6838789368623827
0.5,100,974,0.5817905290399712
0.5,100,975,0.641085748911484
0.5,100,976,0.6156165592121976
0.5,100,977,0.6807465263890099
0.5,100,978,0.5954701121915428
0.5,100,979,0.6221640294968194
0.5,100,980,0.7328195514416691
0.5,100,981,0.5635161967777893
0.5,100,982,0.6841872088154543
0.5,100,983,0.6574212932542078
0.5,100,984,0.6379206640557629
0.5,100,985,0.7042797114768606
0.5,100,986,0.6993170055670351
0.5,100,987,0.7086784898965428
0.5,100,988,0.6867234636121574
0.5,100,989,0.6384161295943199
0.5,100,990,0.671110869435501
0.5,100,991,0.6793322017825532
0.5,100,992,0.679282456181074
0.5,100,993,0.5822100972083156
0.5,100,994,0.5949678431558361
0.5,100,995,0.6236438150172614
0.5,100,996,0.5922001661939751
0.5,100,997,0.7060744277201197
0.5,100,998,0.6505476027226558
0.5,100,999,0.5747860446236658
0.5,hw_matched,0,0.6402470379485629
0.5,hw_matched,1,0.6846736068044902
0.5,hw_matched,2,0.540262787822089
0.5,hw_matched,3,0.5282345210038977
0.5,hw_matched,4,0.7025009432107766
0.5,hw_matched,5,0.5731103302837364
0.5,hw_matched,6,0.6404182201884827
0.5,hw_matched,7,0.6904196362415322
0.5,hw_matched,8,0.7381028691119169
0.5,hw_matched,9,0.5870877328046313
0.5,hw_matched,10,0.6294851976911531
0.5,hw_matched,11,0.6247741726342371
0.5,hw_matched,12,0.6928110969192312
0.5,hw_matched,13,0.7303543061959206
0.5,hw_matched,14,0.6646880027222389
0.5,hw_matched,15,0.5816961986722815
0.5,hw_matched,16,0.6196543130044856
0.5,hw_matched,17,0.5951896637722529
0.5,hw_matched,18,0.716168405134183
0.5,hw_matched,19,0.6442661814994073
0.5,hw_matched,20,0.6591148285164063
0.5,hw_matched,21,0.5477483346243075
0.5,hw_matched,22,0.6195320382627653
0.5,hw_matched,23,0.6361690576153447
0.5,hw_matched,24,0.6983969850139287
0.5,hw_matched,25,0.7282419945006294
0.5,hw_matched,26,0.6484567630711131
0.5,hw_matched,27,0.701866277349905
0.5,hw_matched,28,0.702481284340277
0.5,hw_matched,29,0.5936709073889452
0.5,hw_matched,30,0.6703077198782338
0.5,hw_matched,31,0.6110133243604912
0.5,hw_matched,32,0.5947498399679964
0.5,hw_matched,33,0.6204362684971343
0.5,hw_matched,34,0.6697933993009186
0.5,hw_matched,35,0.7215496836087956
0.5,hw_matched,36,0.7113429243445204
0.5,hw_matched,37,0.6093408048777893
0.5,hw_matched,38,0.5928353189825287
0.5,hw_matched,39,0.6515069507658509
0.5,hw_matched,40,0.7151784942444552
0.5,hw_matched,41,0.7006469064485055
0.5,hw_matched,42,0.6501741591176897
0.5,hw_matched,43,0.6159019817870829
0.5,hw_matched,44,0.723015717068549
0.5,hw_matched,45,0.6923011549876503
0.5,hw_matched,46,0.7014185077347886
0.5,hw_matched,47,0.638723519598592
0.5,hw_matched,48,0.5974322709991231
0.5,hw_matched,49,0.6948945755501355
0.5,hw_matched,50,0.6813769116414566
0.5,hw_matched,51,0.6694103674962615
0.5,hw_matched,52,0.6175084457492748
0.5,hw_matched,53,0.7242427592129573
0.5,hw_matched,54,0.6082113457748846
0.5,hw_matched,55,0.6949602326299972
0.5,hw_matched,56,0.6423354565454436
0.5,hw_matched,57,0.6803134005484608
0.5,hw_matched,58,0.6669950218944604
0.5,hw_matched,59,0.5893891774744265
0.5,hw_matched,60,0.4809516017951422
0.5,hw_matched,61,0.6575385409038892
0.5,hw_matched,62,0.6476253694414525
0.5,hw_matched,63,0.6265605655226811
0.5,hw_matched,64,0.6122458678548038
0.5,hw_matched,65,0.6802743056560802
0.5,hw_matched,66,0.5757527136612
0.5,hw_matched,67,0.608039050379591
0.5,hw_matched,68,0.5722047247000311
0.5,hw_matched,69,0.6091340741763438
0.5,hw_matched,70,0.6139861300975971
0.5,hw_matched,71,0.6976831987271228
0.5,hw_matched,72,0.6423757585562833
0.5,hw_matched,73,0.7040857398259163
0.5,hw_matched,74,0.7341226627549258
0.5,hw_matched,75,0.6504408009031931
0.5,hw_matched,76,0.6262717231677482
0.5,hw_matched,77,0.6230841432038458
0.5,hw_matched,78,0.6906764861157262
0.5,hw_matched,79,0.6979133607958321
0.5,hw_matched,80,0.6843570210049301
0.5,hw_matched,81,0.5198997550737123
0.5,hw_matched,82,0.6640553671700797
0.5,hw_matched,83,0.609554055357458
0.5,hw_matched,84,0.6620621208209891
0.5,hw_matched,85,0.6924878612091403
0.5,hw_matched,86,0.5925740817441233
0.5,hw_matched,87,0.5666415246194545
0.5,hw_matched,88,0.6258927185014428
0.5,hw_matched,89,0.6261310601038053
0.5,hw_matched,90,0.6875246985663719
0.5,hw_matched,91,0.6033676361303119
0.5,hw_matched,92,0.5992060374203225
0.5,hw_matched,93,0.5717868385894964
0.5,hw_matched,94,0.7015290719510379
0.5,hw_matched,95,0.6154875932758034
0.5,hw_matched,96,0.7244216889539872
0.5,hw_matched,97,0.7445935058808795
0.5,hw_matched,98,0.524141144528701
0.5,hw_matched,99,0.605178261092266
0.5,hw_matched,100,0.5845223399886714
0.5,hw_matched,101,0.6109185833039834
0.5,hw_matched,102,0.7314849341489412
0.5,hw_matched,103,0.6009771522256238
0.5,hw_matched,104,0.7507710715176155
0.5,hw_matched,105,0.673378918858177
0.5,hw_matched,106,0.6211965934463184
0.5,hw_matched,107,0.6173959396637695
0.5,hw_matched,108,0.6568479663822444
0.5,hw_matched,109,0.7580388138190782
0.5,hw_matched,110,0.6791244002932488
0.5,hw_matched,111,0.6586144264964242
0.5,hw_matched,112,0.73731833580672
0.5,hw_matched,113,0.5960882969625614
0.5,hw_matched,114,0.6527438111787007
0.5,hw_matched,115,0.6362205769214941
0.5,hw_matched,116,0.6060723419570357
0.5,hw_matched,117,0.624926731033727
0.5,hw_matched,118,0.6814219886688524
0.5,hw_matched,119,0.6016724716740678
0.5,hw_matched,120,0.642025876620558
0.5,hw_matched,121,0.6711926503724996
0.5,hw_matched,122,0.6482262971039265
0.5,hw_matched,123,0.6647374807607938
0.5,hw_matched,124,0.6410715792272472
0.5,hw_matched,125,0.4915546464997601
0.5,hw_matched,126,0.6299002961569677
0.5,hw_matched,127,0.5928230161400826
0.5,hw_matched,128,0.6561897930840748
0.5,hw_matched,129,0.6204636954968
0.5,hw_matched,130,0.5802127931425358
0.5,hw_matched,131,0.6737971846012987
0.5,hw_matched,132,0.5363213203376043
0.5,hw_matched,133,0.6590090416128411
0.5,hw_matched,134,0.6519541241187894
0.5,hw_matched,135,0.7332035623874893
0.5,hw_matched,136,0.7401964536933325
0.5,hw_matched,137,0.7471550095402334
0.5,hw_matched,138,0.6685664619189752
0.5,hw_matched,139,0.6359088364968222
0.5,hw_matched,140,0.6306907480824335
0.5,hw_matched,141,0.6618957679418893
0.5,hw_matched,142,0.6335952340415651
0.5,hw_matched,143,0.7474899471923111
0.5,hw_matched,144,0.4805694862511255
0.5,hw_matched,145,0.6340321209806479
0.5,hw_matched,146,0.6587855805371662
0.5,hw_matched,147,0.6183446323078561
0.5,hw_matched,148,0.6128497403782279
0.5,hw_matched,149,0.6549984780041735
0.5,hw_matched,150,0.7122362742411943
0.5,hw_matched,151,0.679280544114122
0.5,hw_matched,152,0.6132839118822193
0.5,hw_matched,153,0.6479536442720903
0.5,hw_matched,154,0.5750902739623489
0.5,hw_matched,155,0.42639786890167053
0.5,hw_matched,156,0.6647566647743254
0.5,hw_matched,157,0.6705941274721944
0.5,hw_matched,158,0.6307256297110686
0.5,hw_matched,159,0.6855258380038671
0.5,hw_matched,160,0.6093175000302646
0.5,hw_matched,161,0.7092927462979952
0.5,hw_matched,162,0.587650691212825
0.5,hw_matched,163,0.6537847718193375
0.5,hw_matched,164,0.6664391624182084
0.5,hw_matched,165,0.6318370421148312
0.5,hw_matched,166,0.6051144398971765
0.5,hw_matched,167,0.626924460722425
0.5,hw_matched,168,0.625703321414965
0.5,hw_matched,169,0.6341829503153116
0.5,hw_matched,170,0.6655495852366891
0.5,hw_matched,171,0.7301968354066828
0.5,hw_matched,172,0.7234845195611319
0.5,hw_matched,173,0.6143925761440102
0.5,hw_matched,174,0.6062415466769776
0.5,hw_matched,175,0.557632333916712
0.5,hw_matched,176,0.5743219627355379
0.5,hw_matched,177,0.586787754057722
0.5,hw_matched,178,0.666859893383229
0.5,hw_matched,179,0.7294990724083465
0.5,hw_matched,180,0.6429413337284446
0.5,hw_matched,181,0.6383034428559224
0.5,hw_matched,182,0.6008835653641702
0.5,hw_matched,183,0.6090217255947777
0.5,hw_matched,184,0.6286682216307296
0.5,hw_matched,185,0.7119947044209252
0.5,hw_matched,186,0.7326346725486981
0.5,hw_matched,187,0.5487922064239774
0.5,hw_matched,188,0.6940369062538909
0.5,hw_matched,189,0.6023298165778898
0.5,hw_matched,190,0.6991213529631817
0.5,hw_matched,191,0.6414678787089427
0.5,hw_matched,192,0.5953729276455983
0.5,hw_matched,193,0.5852259761510471
0.5,hw_matched,194,0.5637324794840947
0.5,hw_matched,195,0.6378894598246073
0.5,hw_matched,196,0.7184182321833813
0.5,hw_matched,197,0.679702475625779
0.5,hw_matched,198,0.6701166527042022
0.5,hw_matched,199,0.7123566038883562
0.5,hw_matched,200,0.6280538206096624
0.5,hw_matched,201,0.5095471142749401
0.5,hw_matched,202,0.6603943102199176
0.5,hw_matched,203,0.6404481341548627
0.5,hw_matched,204,0.6244988097021803
0.5,hw_matched,205,0.649781867029473
0.5,hw_matched,206,0.7303611208113523
0.5,hw_matched,207,0.6603019796403655
0.5,hw_matched,208,0.6308432756988369
0.5,hw_matched,209,0.6124817889816804
0.5,hw_matched,210,0.5344989623348678
0.5,hw_matched,211,0.6478827472069684
0.5,hw_matched,212,0.6429092621572843
0.5,hw_matched,213,0.639901565282772
0.5,hw_matched,214,0.628653647789733
0.5,hw_matched,215,0.6901188486411625
0.5,hw_matched,216,0.603751017249216
0.5,hw_matched,217,0.6210489932376186
0.5,hw_matched,218,0.6912126981582417
0.5,hw_matched,219,0.6706394663237629
0.5,hw_matched,220,0.7242541156575039
0.5,hw_matched,221,0.7181218372382189
0.5,hw_matched,222,0.7272877223074703
0.5,hw_matched,223,0.5581828949403572
0.5,hw_matched,224,0.6846983042370993
0.5,hw_matched,225,0.6069936620149781
0.5,hw_matched,226,0.6574949122679099
0.5,hw_matched,227,0.6483291466647956
0.5,hw_matched,228,0.6568537583088357
0.5,hw_matched,229,0.6093976376319015
0.5,hw_matched,230,0.6099879017814149
0.5,hw_matched,231,0.5119157745032257
0.5,hw_matched,232,0.6966777986070269
0.5,hw_matched,233,0.6229050202514154
0.5,hw_matched,234,0.6043863541693268
0.5,hw_matched,235,0.5779209413426958
0.5,hw_matched,236,0.7315562077718463
0.5,hw_matched,237,0.5902445758313006
0.5,hw_matched,238,0.5789553005638325
0.5,hw_matched,239,0.6801126768160423
0.5,hw_matched,240,0.5276192976263818
0.5,hw_matched,241,0.656882900926462
0.5,hw_matched,242,0.6232467702207352
0.5,hw_matched,243,0.6815970596333739
0.5,hw_matched,244,0.6015965501365721
0.5,hw_matched,245,0.6801661883081418
0.5,hw_matched,246,0.6650228980691748
0.5,hw_matched,247,0.6565669709675922
0.5,hw_matched,248,0.6748945902790315
0.5,hw_matched,249,0.6744785296495525
0.5,hw_matched,250,0.6768837937625549
0.5,hw_matched,251,0.5403461103771483
0.5,hw_matched,252,0.5797184565740896
0.5,hw_matched,253,0.6252824492385542
0.5,hw_matched,254,0.6498862296352093
0.5,hw_matched,255,0.5716670699201448
0.5,hw_matched,256,0.5816415091136178
0.5,hw_matched,257,0.5956366187503221
0.5,hw_matched,258,0.6577448923292966
0.5,hw_matched,259,0.5644199240223239
0.5,hw_matched,260,0.6107075626277714
0.5,hw_matched,261,0.6743650785940207
0.5,hw_matched,262,0.6508870070186064
0.5,hw_matched,263,0.6182144512876179
0.5,hw_matched,264,0.604839652988696
0.5,hw_matched,265,0.6910782856646633
0.5,hw_matched,266,0.6684209349621718
0.5,hw_matched,267,0.6709116118200504
0.5,hw_matched,268,0.6721215105874775
0.5,hw_matched,269,0.6748883587617425
0.5,hw_matched,270,0.5905298498059445
0.5,hw_matched,271,0.6433540636013775
0.5,hw_matched,272,0.7179072305199803
0.5,hw_matched,273,0.6249425117893351
0.5,hw_matched,274,0.5252652883486808
0.5,hw_matched,275,0.621840159391065
0.5,hw_matched,276,0.6533974813475885
0.5,hw_matched,277,0.5907481975692712
0.5,hw_matched,278,0.5990099840986516
0.5,hw_matched,279,0.6472952605425524
0.5,hw_matched,280,0.5219669804989494
0.5,hw_matched,281,0.6263198740961687
0.5,hw_matched,282,0.6797174143018572
0.5,hw_matched,283,0.745229924854959
0.5,hw_matched,284,0.5437442637527679
0.5,hw_matched,285,0.5638932025398509
0.5,hw_matched,286,0.6121661789656305
0.5,hw_matched,287,0.6193447762372086
0.5,hw_matched,288,0.6202572436067079
0.5,hw_matched,289,0.6900623708202489
0.5,hw_matched,290,0.6787020422599379
0.5,hw_matched,291,0.6800660659291163
0.5,hw_matched,292,0.6859056106550259
0.5,hw_matched,293,0.6179165272083784
0.5,hw_matched,294,0.6343401700611944
0.5,hw_matched,295,0.6356771859931869
0.5,hw_matched,296,0.674158583180487
0.5,hw_matched,297,0.6248528219878857
0.5,hw_matched,298,0.6290595345436762
0.5,hw_matched,299,0.4836303730316366
0.5,hw_matched,300,0.5920306994891116
0.5,hw_matched,301,0.6319545814671392
0.5,hw_matched,302,0.6534307146339191
0.5,hw_matched,303,0.6800868200505943
0.5,hw_matched,304,0.5879586948283531
0.5,hw_matched,305,0.6096616751015418
0.5,hw_matched,306,0.6530153632450171
0.5,hw_matched,307,0.7126444843289466
0.5,hw_matched,308,0.6560481646773658
0.5,hw_matched,309,0.61853963185813
0.5,hw_matched,310,0.6299896846448843
0.5,hw_matched,311,0.6596585489122292
0.5,hw_matched,312,0.6791322126393167
0.5,hw_matched,313,0.6894696052563423
0.5,hw_matched,314,0.6518327022721047
0.5,hw_matched,315,0.6358355317063746
0.5,hw_matched,316,0.6421699134094381
0.5,hw_matched,317,0.6053237088504217
0.5,hw_matched,318,0.6825130435523293
0.5,hw_matched,319,0.5584479907925147
0.5,hw_matched,320,0.4707602403672533
0.5,hw_matched,321,0.6291714662183177
0.5,hw_matched,322,0.6615465038704231
0.5,hw_matched,323,0.5627699021723948
0.5,hw_matched,324,0.6940869581754212
0.5,hw_matched,325,0.7041240129719918
0.5,hw_matched,326,0.5954558179988996
0.5,hw_matched,327,0.6305079556320743
0.5,hw_matched,328,0.6768191021345431
0.5,hw_matched,329,0.6372502613922946
0.5,hw_matched,330,0.4987012123408129
0.5,hw_matched,331,0.5861868148978893
0.5,hw_matched,332,0.664622132025431
0.5,hw_matched,333,0.531805328587992
0.5,hw_matched,334,0.5836448555936136
0.5,hw_matched,335,0.6719472906819393
0.5,hw_matched,336,0.6018808777691773
0.5,hw_matched,337,0.6551100807019439
0.5,hw_matched,338,0.6122795360495656
0.5,hw_matched,339,0.6435380552596432
0.5,hw_matched,340,0.7326838794550955
0.5,hw_matched,341,0.608347218650753
0.5,hw_matched,342,0.558619590903328
0.5,hw_matched,343,0.5743194968841987
0.5,hw_matched,344,0.6434531252360751
0.5,hw_matched,345,0.6229348972965785
0.5,hw_matched,346,0.6707970088948472
0.5,hw_matched,347,0.6512997851007964
0.5,hw_matched,348,0.6625245396244943
0.5,hw_matched,349,0.541105136050109
0.5,hw_matched,350,0.657474076928542
0.5,hw_matched,351,0.6102745178271087
0.5,hw_matched,352,0.596328360372255
0.5,hw_matched,353,0.6059332977612355
0.5,hw_matched,354,0.5621439932464715
0.5,hw_matched,355,0.6542370626665741
0.5,hw_matched,356,0.6491105685405792
0.5,hw_matched,357,0.7118581586350584
0.5,hw_matched,358,0.575249917956091
0.5,hw_matched,359,0.6667850139339584
0.5,hw_matched,360,0.5916955993932576
0.5,hw_matched,361,0.6371420209825305
0.5,hw_matched,362,0.6900270519491138
0.5,hw_matched,363,0.6534093298009296
0.5,hw_matched,364,0.6968220101338123
0.5,hw_matched,365,0.6846203334250227
0.5,hw_matched,366,0.593410627492863
0.5,hw_matched,367,0.597711325268283
0.5,hw_matched,368,0.7016293346336934
0.5,hw_matched,369,0.663253775248721
0.5,hw_matched,370,0.5825551522147652
0.5,hw_matched,371,0.5745641787269467
0.5,hw_matched,372,0.48984925549800307
0.5,hw_matched,373,0.6627675427441538
0.5,hw_matched,374,0.6832945180626744
0.5,hw_matched,375,0.6489877487611211
0.5,hw_matched,376,0.6268307452447245
0.5,hw_matched,377,0.6994434613891454
0.5,hw_matched,378,0.6507773688985646
0.5,hw_matched,379,0.5793884606446118
0.5,hw_matched,380,0.6769534457795747
0.5,hw_matched,381,0.5576973206702547
0.5,hw_matched,382,0.6343769737474245
0.5,hw_matched,383,0.6549461266453529
0.5,hw_matched,384,0.5365699596397153
0.5,hw_matched,385,0.5910959684589192
0.5,hw_matched,386,0.614224067929106
0.5,hw_matched,387,0.5912118751123024
0.5,hw_matched,388,0.6535056491238203
0.5,hw_matched,389,0.6419751403062397
0.5,hw_matched,390,0.7202015413544169
0.5,hw_matched,391,0.6541073200674974
0.5,hw_matched,392,0.590977079669043
0.5,hw_matched,393,0.6581379052369027
0.5,hw_matched,394,0.6912602801132883
0.5,hw_matched,395,0.5418354694083356
0.5,hw_matched,396,0.648485931425975
0.5,hw_matched,397,0.67344090799136
0.5,hw_matched,398,0.6860718174886522
0.5,hw_matched,399,0.6505876475835116
0.5,hw_matched,400,0.6481310959634918
0.5,hw_matched,401,0.5658308704631647
0.5,hw_matched,402,0.6642342274177759
0.5,hw_matched,403,0.6415931347843421
0.5,hw_matched,404,0.6865069199427212
0.5,hw_matched,405,0.5830160821265151
0.5,hw_matched,406,0.49281965065245503
0.5,hw_matched,407,0.5719614225284445
0.5,hw_matched,408,0.5885378947626589
0.5,hw_matched,409,0.54865972851262
0.5,hw_matched,410,0.6371438378962502
0.5,hw_matched,411,0.579301762376889
0.5,hw_matched,412,0.6629756537039195
0.5,hw_matched,413,0.6552218196997357
0.5,hw_matched,414,0.6573395693956223
0.5,hw_matched,415,0.5790579554808495
0.5,hw_matched,416,0.6744117926373709
0.5,hw_matched,417,0.635070405391845
0.5,hw_matched,418,0.6104080847121105
0.5,hw_matched,419,0.685762956173579
0.5,hw_matched,420,0.6323084684845592
0.5,hw_matched,421,0.6578914880708502
0.5,hw_matched,422,0.5738359195346363
0.5,hw_matched,423,0.6911487530199556
0.5,hw_matched,424,0.6640831054905147
0.5,hw_matched,425,0.6525927122588389
0.5,hw_matched,426,0.6837928030485998
0.5,hw_matched,427,0.6961710936382064
0.5,hw_matched,428,0.683942301212698
0.5,hw_matched,429,0.6852723727465653
0.5,hw_matched,430,0.635581108911573
0.5,hw_matched,431,0.6441187706079714
0.5,hw_matched,432,0.5886330330950766
0.5,hw_matched,433,0.6510293484221856
0.5,hw_matched,434,0.6575686150965615
0.5,hw_matched,435,0.6069308607923725
0.5,hw_matched,436,0.6900830491766008
0.5,hw_matched,437,0.7185858547570667
0.5,hw_matched,438,0.5953383263603625
0.5,hw_matched,439,0.6341156129223009
0.5,hw_matched,440,0.7322692636055046
0.5,hw_matched,441,0.5077312185067815
0.5,hw_matched,442,0.6478301611900508
0.5,hw_matched,443,0.6978028831673189
0.5,hw_matched,444,0.6964045217566317
0.5,hw_matched,445,0.6024169123889258
0.5,hw_matched,446,0.6070359320601044
0.5,hw_matched,447,0.5846260503412316
0.5,hw_matched,448,0.636593625427749
0.5,hw_matched,449,0.6966267354923914
0.5,hw_matched,450,0.6933331620543925
0.5,hw_matched,451,0.6423147627702268
0.5,hw_matched,452,0.6238314902482822
0.5,hw_matched,453,0.6589796664628567
0.5,hw_matched,454,0.6830629336720926
0.5,hw_matched,455,0.6662769041010541
0.5,hw_matched,456,0.6649945328910092
0.5,hw_matched,457,0.5373865705508515
0.5,hw_matched,458,0.7205316320116454
0.5,hw_matched,459,0.6624722204990279
0.5,hw_matched,460,0.6714531598633696
0.5,hw_matched,461,0.6964278706065419
0.5,hw_matched,462,0.683637740010648
0.5,hw_matched,463,0.6585856736344666
0.5,hw_matched,464,0.6131134901118835
0.5,hw_matched,465,0.6165952721694303
0.5,hw_matched,466,0.6099491559771912
0.5,hw_matched,467,0.6245696270717855
0.5,hw_matched,468,0.6309874981114449
0.5,hw_matched,469,0.6634825111748577
0.5,hw_matched,470,0.6289054863668311
0.5,hw_matched,471,0.7321338201651028
0.5,hw_matched,472,0.6213943059262774
0.5,hw_matched,473,0.6212917334314533
0.5,hw_matched,474,0.6034284555109308
0.5,hw_matched,475,0.6314368683724125
0.5,hw_matched,476,0.6760370030342868
0.5,hw_matched,477,0.6468169296319439
0.5,hw_matched,478,0.6411821151347699
0.5,hw_matched,479,0.6547541479060688
0.5,hw_matched,480,0.6883591142541057
0.5,hw_matched,481,0.5829569925254878
0.5,hw_matched,482,0.5296040584667843
0.5,hw_matched,483,0.6583385403612001
0.5,hw_matched,484,0.662670949844779
0.5,hw_matched,485,0.6235682212124385
0.5,hw_matched,486,0.5448765739398533
0.5,hw_matched,487,0.6770021400928932
0.5,hw_matched,488,0.7150062212245377
0.5,hw_matched,489,0.5585638614903784
0.5,hw_matched,490,0.6262411882566715
0.5,hw_matched,491,0.6738410114811513
0.5,hw_matched,492,0.6600862798193243
0.5,hw_matched,493,0.6351860192359373
0.5,hw_matched,494,0.5556682451310464
0.5,hw_matched,495,0.6696095727868273
0.5,hw_matched,496,0.6255538440242209
0.5,hw_matched,497,0.6261219117989955
0.5,hw_matched,498,0.6165440359112291
0.5,hw_matched,499,0.660183089560517
0.5,hw_matched,500,0.684661889695058
0.5,hw_matched,501,0.6641782860000903
0.5,hw_matched,502,0.6376693329721828
0.5,hw_matched,503,0.642779206478185
0.5,hw_matched,504,0.6566291778002397
0.5,hw_matched,505,0.6390395852666475
0.5,hw_matched,506,0.7174722918518577
0.5,hw_matched,507,0.6691144882776505
0.5,hw_matched,508,0.45971174581873253
0.5,hw_matched,509,0.5729932555427264
0.5,hw_matched,510,0.696662222725918
0.5,hw_matched,511,0.6313816545265496
0.5,hw_matched,512,0.7000822021716927
0.5,hw_matched,513,0.6105535776382887
0.5,hw_matched,514,0.6509974643732728
0.5,hw_matched,515,0.7118282496185185
0.5,hw_matched,516,0.6143332486110975
0.5,hw_matched,517,0.6871869166122822
0.5,hw_matched,518,0.6340908223315704
0.5,hw_matched,519,0.7210512175910067
0.5,hw_matched,520,0.6462848855556182
0.5,hw_matched,521,0.682948987881336
0.5,hw_matched,522,0.5196145027690822
0.5,hw_matched,523,0.6703245008886576
0.5,hw_matched,524,0.5636972458007995
0.5,hw_matched,525,0.664514077160001
0.5,hw_matched,526,0.58757925601166
0.5,hw_matched,527,0.6703151236315597
0.5,hw_matched,528,0.6507383715621893
0.5,hw_matched,529,0.6220967846133477
0.5,hw_matched,530,0.7197267463849726
0.5,hw_matched,531,0.6465247571461946
0.5,hw_matched,532,0.6138247128945367
0.5,hw_matched,533,0.6332732227540381
0.5,hw_matched,534,0.6113791153255098
0.5,hw_matched,535,0.7001050204841646
0.5,hw_matched,536,0.6369767798311166
0.5,hw_matched,537,0.6593566596109364
0.5,hw_matched,538,0.4724950417730337
0.5,hw_matched,539,0.630024824562837
0.5,hw_matched,540,0.6725169690024011
0.5,hw_matched,541,0.5854894467139149
0.5,hw_matched,542,0.6164658983406092
0.5,hw_matched,543,0.6205637241884857
0.5,hw_matched,544,0.6065805168208482
0.5,hw_matched,545,0.5817067802336988
0.5,hw_matched,546,0.6646328401227402
0.5,hw_matched,547,0.6014854720380984
0.5,hw_matched,548,0.6916685942961017
0.5,hw_matched,549,0.6087380117962587
0.5,hw_matched,550,0.6594572091613786
0.5,hw_matched,551,0.7095426630084559
0.5,hw_matched,552,0.6305818850630658
0.5,hw_matched,553,0.5128456227231158
0.5,hw_matched,554,0.6264246670840016
0.5,hw_matched,555,0.6252230126061036
0.5,hw_matched,556,0.6686416595939493
0.5,hw_matched,557,0.5533560182549938
0.5,hw_matched,558,0.6616299851772683
0.5,hw_matched,559,0.6344440139541587
0.5,hw_matched,560,0.6801360400342089
0.5,hw_matched,561,0.7331264280836216
0.5,hw_matched,562,0.5913365791814897
0.5,hw_matched,563,0.6431076465608536
0.5,hw_matched,564,0.5642777401653736
0.5,hw_matched,565,0.6395726726557389
0.5,hw_matched,566,0.6279598181983832
0.5,hw_matched,567,0.5095164738702669
0.5,hw_matched,568,0.6125404013944742
0.5,hw_matched,569,0.5971932941456324
0.5,hw_matched,570,0.672306935152456
0.5,hw_matched,571,0.5967951607941097
0.5,hw_matched,572,0.493254098348896
0.5,hw_matched,573,0.6167743863421304
0.5,hw_matched,574,0.5931071279925184
0.5,hw_matched,575,0.6952528130926692
0.5,hw_matched,576,0.5904056379959062
0.5,hw_matched,577,0.6794877950002908
0.5,hw_matched,578,0.617629644029594
0.5,hw_matched,579,0.5679381323582806
0.5,hw_matched,580,0.6640487935868302
0.5,hw_matched,581,0.6501784072713902
0.5,hw_matched,582,0.6386095938094152
0.5,hw_matched,583,0.6587463359833396
0.5,hw_matched,584,0.6871556795587529
0.5,hw_matched,585,0.7054333619634032
0.5,hw_matched,586,0.6929943518763074
0.5,hw_matched,587,0.6148034799029252
0.5,hw_matched,588,0.44042053026663164
0.5,hw_matched,589,0.6732570413432293
0.5,hw_matched,590,0.6483876257377135
0.5,hw_matched,591,0.6139929012389325
0.5,hw_matched,592,0.678598639749726
0.5,hw_matched,593,0.5940988895262165
0.5,hw_matched,594,0.6039531620114351
0.5,hw_matched,595,0.6704753963156834
0.5,hw_matched,596,0.6859353509027368
0.5,hw_matched,597,0.6450854039337945
0.5,hw_matched,598,0.6842414896388543
0.5,hw_matched,599,0.6589507666015455
0.5,hw_matched,600,0.6215284301707398
0.5,hw_matched,601,0.5744858396349195
0.5,hw_matched,602,0.6571287016203984
0.5,hw_matched,603,0.5943083312155236
0.5,hw_matched,604,0.6354191663537827
0.5,hw_matched,605,0.4998195912148157
0.5,hw_matched,606,0.7353335013175393
0.5,hw_matched,607,0.5930129568602236
0.5,hw_matched,608,0.6192898049674542
0.5,hw_matched,609,0.703989365398755
0.5,hw_matched,610,0.6112830801677893
0.5,hw_matched,611,0.6537497366682798
0.5,hw_matched,612,0.6895982515230088
0.5,hw_matched,613,0.6550185904741912
0.5,hw_matched,614,0.5876806180463632
0.5,hw_matched,615,0.6050544282044507
0.5,hw_matched,616,0.6494866879645462
0.5,hw_matched,617,0.6600929261755346
0.5,hw_matched,618,0.6690067845875671
0.5,hw_matched,619,0.6376714409651963
0.5,hw_matched,620,0.6380358949040028
0.5,hw_matched,621,0.6480957824482245
0.5,hw_matched,622,0.6758300771640515
0.5,hw_matched,623,0.6742809967244175
0.5,hw_matched,624,0.5630733349277095
0.5,hw_matched,625,0.6038447903508481
0.5,hw_matched,626,0.6991779956688042
0.5,hw_matched,627,0.6508451245192206
0.5,hw_matched,628,0.5944321106628245
0.5,hw_matched,629,0.6986439816394815
0.5,hw_matched,630,0.6455341522313176
0.5,hw_matched,631,0.6592592105020747
0.5,hw_matched,632,0.6066878403286551
0.5,hw_matched,633,0.6509748684473691
0.5,hw_matched,634,0.6514040054485788
0.5,hw_matched,635,0.596578107488748
0.5,hw_matched,636,0.5883375133254497
0.5,hw_matched,637,0.6084801433432505
0.5,hw_matched,638,0.627982274715903
0.5,hw_matched,639,0.6218551907067359
0.5,hw_matched,640,0.7065357607382234
0.5,hw_matched,641,0.6132247326939122
0.5,hw_matched,642,0.5399686528166857
0.5,hw_matched,643,0.6393623385808733
0.5,hw_matched,644,0.6496790538250148
0.5,hw_matched,645,0.6428845120639615
0.5,hw_matched,646,0.6975958203388679
0.5,hw_matched,647,0.7115082142273514
0.5,hw_matched,648,0.5934421545185444
0.5,hw_matched,649,0.6704146677966396
0.5,hw_matched,650,0.5573240498586576
0.5,hw_matched,651,0.6659059469028286
0.5,hw_matched,652,0.7116400031622503
0.5,hw_matched,653,0.6419680324255952
0.5,hw_matched,654,0.6385605297605694
0.5,hw_matched,655,0.5864531375665849
0.5,hw_matched,656,0.7107285477143056
0.5,hw_matched,657,0.6078764694768587
0.5,hw_matched,658,0.6712686089039701
0.5,hw_matched,659,0.6064120109087461
0.5,hw_matched,660,0.6444034310812914
0.5,hw_matched,661,0.6993434690371798
0.5,hw_matched,662,0.6358542069287911
0.5,hw_matched,663,0.7183577552510414
0.5,hw_matched,664,0.7151778753248447
0.5,hw_matched,665,0.6962293481699526
0.5,hw_matched,666,0.6839429863680878
0.5,hw_matched,667,0.6209866897694103
0.5,hw_matched,668,0.7881224927354581
0.5,hw_matched,669,0.6197840825476297
0.5,hw_matched,670,0.7240936865113614
0.5,hw_matched,671,0.6661104606689985
0.5,hw_matched,672,0.6263950060741263
0.5,hw_matched,673,0.684811225672189
0.5,hw_matched,674,0.5919015416443618
0.5,hw_matched,675,0.6751156051965943
0.5,hw_matched,676,0.5889319649904999
0.5,hw_matched,677,0.6494381513820588
0.5,hw_matched,678,0.7550970215311695
0.5,hw_matched,679,0.6193219244758263
0.5,hw_matched,680,0.7796928831650278
0.5,hw_matched,681,0.5245282153021567
0.5,hw_matched,682,0.6630805241471778
0.5,hw_matched,683,0.6815307550282848
0.5,hw_matched,684,0.5943197233140154
0.5,hw_matched,685,0.6068884180385912
0.5,hw_matched,686,0.6710292958394966
0.5,hw_matched,687,0.5668144225212277
0.5,hw_matched,688,0.6713694696805035
0.5,hw_matched,689,0.6496656750274945
0.5,hw_matched,690,0.6424703533783538
0.5,hw_matched,691,0.7095579878214431
0.5,hw_matched,692,0.6462064764790258
0.5,hw_matched,693,0.6609358514365317
0.5,hw_matched,694,0.6432806564992685
0.5,hw_matched,695,0.6672371028012558
0.5,hw_matched,696,0.7357691909837859
0.5,hw_matched,697,0.6591064801395272
0.5,hw_matched,698,0.6203850282707896
0.5,hw_matched,699,0.7150756083216714
0.5,hw_matched,700,0.643996677457371
0.5,hw_matched,701,0.5229904017375766
0.5,hw_matched,702,0.6483021775823332
0.5,hw_matched,703,0.684581559203532
0.5,hw_matched,704,0.6103849304219683
0.5,hw_matched,705,0.5910021993703576
0.5,hw_matched,706,0.6110154685888429
0.5,hw_matched,707,0.608618098724443
0.5,hw_matched,708,0.6156630364924562
0.5,hw_matched,709,0.6199981911340342
0.5,hw_matched,710,0.6173137729178289
0.5,hw_matched,711,0.5855688391874265
0.5,hw_matched,712,0.6309340675986407
0.5,hw_matched,713,0.6750811597781592
0.5,hw_matched,714,0.6462855564079201
0.5,hw_matched,715,0.5819394780975404
0.5,hw_matched,716,0.6178854967075217
0.5,hw_matched,717,0.6549027627761547
0.5,hw_matched,718,0.6739630458455099
0.5,hw_matched,719,0.699028674913293
0.5,hw_matched,720,0.556795608232123
0.5,hw_matched,721,0.5974106857182575
0.5,hw_matched,722,0.8159406105691611
0.5,hw_matched,723,0.6758996034567691
0.5,hw_matched,724,0.5826601903731077
0.5,hw_matched,725,0.6790587941992031
0.5,hw_matched,726,0.5990722942356974
0.5,hw_matched,727,0.6973209312656448
0.5,hw_matched,728,0.6842288513979021
0.5,hw_matched,729,0.6282784760913585
0.5,hw_matched,730,0.6540962650685644
0.5,hw_matched,731,0.6000144267189464
0.5,hw_matched,732,0.5195912666355607
0.5,hw_matched,733,0.6909338089336454
0.5,hw_matched,734,0.629047052002804
0.5,hw_matched,735,0.6998438172077155
0.5,hw_matched,736,0.6646599448574051
0.5,hw_matched,737,0.5854273739434714
0.5,hw_matched,738,0.6029631739412926
0.5,hw_matched,739,0.614593297392225
0.5,hw_matched,740,0.5896239853500079
0.5,hw_matched,741,0.7143703747637453
0.5,hw_matched,742,0.7023639035959968
0.5,hw_matched,743,0.5942502451087771
0.5,hw_matched,744,0.6917173845425495
0.5,hw_matched,745,0.679513562300462
0.5,hw_matched,746,0.5942737715766708
0.5,hw_matched,747,0.6839010133325722
0.5,hw_matched,748,0.602975140363184
0.5,hw_matched,749,0.7282950220738235
0.5,hw_matched,750,0.555672669198085
0.5,hw_matched,751,0.6600382421208936
0.5,hw_matched,752,0.6641130121193197
0.5,hw_matched,753,0.6674421295493361
0.5,hw_matched,754,0.44647060039338216
0.5,hw_matched,755,0.6348639662360482
0.5,hw_matched,756,0.6817302240691312
0.5,hw_matched,757,0.6674117613377315
0.5,hw_matched,758,0.624984853861972
0.5,hw_matched,759,0.6629620041813453
0.5,hw_matched,760,0.6498180264319446
0.5,hw_matched,761,0.6876291376661807
0.5,hw_matched,762,0.6674362161481198
0.5,hw_matched,763,0.653621526750066
0.5,hw_matched,764,0.5367982467361465
0.5,hw_matched,765,0.6740988420229016
0.5,hw_matched,766,0.6189524619182161
0.5,hw_matched,767,0.6708811876199966
0.5,hw_matched,768,0.6251526624286511
0.5,hw_matched,769,0.6152262765679734
0.5,hw_matched,770,0.6950122843948563
0.5,hw_matched,771,0.6412224857456073
0.5,hw_matched,772,0.6635154637013828
0.5,hw_matched,773,0.652575390096994
0.5,hw_matched,774,0.599118835009389
0.5,hw_matched,775,0.6920300073964909
0.5,hw_matched,776,0.705273308274643
0.5,hw_matched,777,0.6450905261554103
0.5,hw_matched,778,0.7152080415136248
0.5,hw_matched,779,0.7506077398645914
0.5,hw_matched,780,0.6113607457403061
0.5,hw_matched,781,0.6294336896988154
0.5,hw_matched,782,0.6733154455420987
0.5,hw_matched,783,0.6536248227053298
0.5,hw_matched,784,0.5722220490847283
0.5,hw_matched,785,0.6845480215468294
0.5,hw_matched,786,0.6873325107782835
0.5,hw_matched,787,0.5195694247699192
0.5,hw_matched,788,0.7405865021328846
0.5,hw_matched,789,0.5663814447074144
0.5,hw_matched,790,0.6127208741807719
0.5,hw_matched,791,0.5665858672350973
0.5,hw_matched,792,0.6898225380014187
0.5,hw_matched,793,0.6708293648934776
0.5,hw_matched,794,0.5818249260993513
0.5,hw_matched,795,0.719336192430734
0.5,hw_matched,796,0.6915692795035011
0.5,hw_matched,797,0.6690533815971313
0.5,hw_matched,798,0.6919858174238921
0.5,hw_matched,799,0.6507546594085297
0.5,hw_matched,800,0.6455376106306181
0.5,hw_matched,801,0.6534232533403084
0.5,hw_matched,802,0.6821951339197931
0.5,hw_matched,803,0.6603668163207441
0.5,hw_matched,804,0.7388362991769879
0.5,hw_matched,805,0.6916932158339557
0.5,hw_matched,806,0.6449978236555024
0.5,hw_matched,807,0.6061954759643292
0.5,hw_matched,808,0.6745897272360197
0.5,hw_matched,809,0.6979475869070922
0.5,hw_matched,810,0.6272299910966594
0.5,hw_matched,811,0.5377042800628351
0.5,hw_matched,812,0.5802381075888191
0.5,hw_matched,813,0.6436675108186751
0.5,hw_matched,814,0.632710199048409
0.5,hw_matched,815,0.6149036996559014
0.5,hw_matched,816,0.5420729805156352
0.5,hw_matched,817,0.6064184103978251
0.5,hw_matched,818,0.6594267142855699
0.5,hw_matched,819,0.7077351181253662
0.5,hw_matched,820,0.7130256821101575
0.5,hw_matched,821,0.6108039872261577
0.5,hw_matched,822,0.6507084047050287
0.5,hw_matched,823,0.5885494816518907
0.5,hw_matched,824,0.5354925602694085
0.5,hw_matched,825,0.6507815045984222
0.5,hw_matched,826,0.637722187300398
0.5,hw_matched,827,0.6089612458174558
0.5,hw_matched,828,0.641556421628093
0.5,hw_matched,829,0.5682382081803097
0.5,hw_matched,830,0.5538568108067887
0.5,hw_matched,831,0.5987213264488891
0.5,hw_matched,832,0.6711191084190642
0.5,hw_matched,833,0.6703498626329831
0.5,hw_matched,834,0.4758615712157962
0.5,hw_matched,835,0.6321236901219351
0.5,hw_matched,836,0.7194007801764692
0.5,hw_matched,837,0.702461741929769
0.5,hw_matched,838,0.6521220041955286
0.5,hw_matched,839,0.646117687742928
0.5,hw_matched,840,0.6103958216718539
0.5,hw_matched,841,0.6972649943130129
0.5,hw_matched,842,0.5373677366866667
0.5,hw_matched,843,0.6553694436896265
0.5,hw_matched,844,0.6146714671376821
0.5,hw_matched,845,0.4964947817560521
0.5,hw_matched,846,0.548170496743146
0.5,hw_matched,847,0.6024592831662507
0.5,hw_matched,848,0.6958520600825351
0.5,hw_matched,849,0.6792536173052219
0.5,hw_matched,850,0.5703217303296435
0.5,hw_matched,851,0.73047512087076
0.5,hw_matched,852,0.6896822730190484
0.5,hw_matched,853,0.6142831238662735
0.5,hw_matched,854,0.692637076568607
0.5,hw_matched,855,0.5981766043013657
0.5,hw_matched,856,0.5601920946430357
0.5,hw_matched,857,0.5759217486521722
0.5,hw_matched,858,0.4273259921902459
0.5,hw_matched,859,0.5242795279567356
0.5,hw_matched,860,0.7318730177739448
0.5,hw_matched,861,0.5808966390736708
0.5,hw_matched,862,0.6934511790490014
0.5,hw_matched,863,0.5967036408416289
0.5,hw_matched,864,0.6889938679652341
0.5,hw_matched,865,0.6061549643846769
0.5,hw_matched,866,0.6838727508963487
0.5,hw_matched,867,0.6525942175262521
0.5,hw_matched,868,0.6262960222923449
0.5,hw_matched,869,0.5735028585833744
0.5,hw_matched,870,0.7032862978210593
0.5,hw_matched,871,0.6126135802782047
0.5,hw_matched,872,0.6709018045886388
0.5,hw_matched,873,0.6631163061557988
0.5,hw_matched,874,0.6821203852823063
0.5,hw_matched,875,0.6115853063943729
0.5,hw_matched,876,0.6384873466771686
0.5,hw_matched,877,0.6650498412862338
0.5,hw_matched,878,0.6000757234865294
0.5,hw_matched,879,0.6701160378693264
0.5,hw_matched,880,0.6910158894953355
0.5,hw_matched,881,0.709183212629972
0.5,hw_matched,882,0.6493865111003894
0.5,hw_matched,883,0.6409832071422756
0.5,hw_matched,884,0.5976246001746113
0.5,hw_matched,885,0.6381615161234171
0.5,hw_matched,886,0.5976600294417513
0.5,hw_matched,887,0.6009468808473791
0.5,hw_matched,888,0.6647202604886278
0.5,hw_matched,889,0.7203111737034796
0.5,hw_matched,890,0.6216448834359292
0.5,hw_matched,891,0.6085506070326097
0.5,hw_matched,892,0.6508459616701532
0.5,hw_matched,893,0.672805666057589
0.5,hw_matched,894,0.580246992242534
0.5,hw_matched,895,0.6347676100250237
0.5,hw_matched,896,0.6546960024061705
0.5,hw_matched,897,0.7071200589271704
0.5,hw_matched,898,0.650728872925717
0.5,hw_matched,899,0.6632766163271528
0.5,hw_matched,900,0.7092146166797226
0.5,hw_matched,901,0.6758470830078851
0.5,hw_matched,902,0.592838831070047
0.5,hw_matched,903,0.6276831323191379
0.5,hw_matched,904,0.6078055624536843
0.5,hw_matched,905,0.7197905412830923
0.5,hw_matched,906,0.6197663650741466
0.5,hw_matched,907,0.6896147214131803
0.5,hw_matched,908,0.617336168140854
0.5,hw_matched,909,0.7267740997285967
0.5,hw_matched,910,0.6819833756950462
0.5,hw_matched,911,0.5965387081477908
0.5,hw_matched,912,0.6698298284662207
0.5,hw_matched,913,0.6397280287606322
0.5,hw_matched,914,0.666146248994395
0.5,hw_matched,915,0.7116898308273589
0.5,hw_matched,916,0.7030600568620512
0.5,hw_matched,917,0.5854546341861677
0.5,hw_matched,918,0.6065438732778192
0.5,hw_matched,919,0.6484633600513112
0.5,hw_matched,920,0.7142286252700909
0.5,hw_matched,921,0.6593593809108954
0.5,hw_matched,922,0.7030590912516915
0.5,hw_matched,923,0.6958624954231575
0.5,hw_matched,924,0.5974181693171543
0.5,hw_matched,925,0.6233775384136531
0.5,hw_matched,926,0.7104447682372959
0.5,hw_matched,927,0.6618331698005683
0.5,hw_matched,928,0.6650644747302217
0.5,hw_matched,929,0.5810130485895855
0.5,hw_matched,930,0.6004833617111149
0.5,hw_matched,931,0.6784048001869114
0.5,hw_matched,932,0.6712934669147995
0.5,hw_matched,933,0.5321320420054869
0.5,hw_matched,934,0.6482301325600137
0.5,hw_matched,935,0.6798844056815585
0.5,hw_matched,936,0.6680035195375402
0.5,hw_matched,937,0.6270926858601169
0.5,hw_matched,938,0.685963794423275
0.5,hw_matched,939,0.5906065185868673
0.5,hw_matched,940,0.6435845686795099
0.5,hw_matched,941,0.7019191746469675
0.5,hw_matched,942,0.7585578726132677
0.5,hw_matched,943,0.4439210738719658
0.5,hw_matched,944,0.6084887584767078
0.5,hw_matched,945,0.6321018658508715
0.5,hw_matched,946,0.6484235903744566
0.5,hw_matched,947,0.5924787239612872
0.5,hw_matched,948,0.6622598518508322
0.5,hw_matched,949,0.6636085068372032
0.5,hw_matched,950,0.6929575411624808
0.5,hw_matched,951,0.554315215289312
0.5,hw_matched,952,0.5749614049883476
0.5,hw_matched,953,0.7288959903330079
0.5,hw_matched,954,0.7314553734305129
0.5,hw_matched,955,0.7017961210453973
0.5,hw_matched,956,0.6730416755260427
0.5,hw_matched,957,0.6888384586035643
0.5,hw_matched,958,0.6552873667414285
0.5,hw_matched,959,0.649921855230432
0.5,hw_matched,960,0.6258075663491443
0.5,hw_matched,961,0.6601706317461395
0.5,hw_matched,962,0.6278473521976824
0.5,hw_matched,963,0.6582673381956954
0.5,hw_matched,964,0.6000370400175815
0.5,hw_matched,965,0.6816532309599466
0.5,hw_matched,966,0.6345797511194731
0.5,hw_matched,967,0.6346998432115176
0.5,hw_matched,968,0.6187387639352284
0.5,hw_matched,969,0.7092799287619469
0.5,hw_matched,970,0.5749205110753366
0.5,hw_matched,971,0.602353081400239
0.5,hw_matched,972,0.7790262475347896
0.5,hw_matched,973,0.6469078180133502
0.5,hw_matched,974,0.7076735402527756
0.5,hw_matched,975,0.7141437342094852
0.5,hw_matched,976,0.6602354832573115
0.5,hw_matched,977,0.6937376150301371
0.5,hw_matched,978,0.6564704942016546
0.5,hw_matched,979,0.7093778879327697
0.5,hw_matched,980,0.6971261082445934
0.5,hw_matched,981,0.6079475813223346
0.5,hw_matched,982,0.6939110029996178
0.5,hw_matched,983,0.6209200624900107
0.5,hw_matched,984,0.6084173048965937
0.5,hw_matched,985,0.5325340219289734
0.5,hw_matched,986,0.6948471323385437
0.5,hw_matched,987,0.7051918669872617
0.5,hw_matched,988,0.7041655515248917
0.5,hw_matched,989,0.6117453246997795
0.5,hw_matched,990,0.6646595139496672
0.5,hw_matched,991,0.5761245817217824
0.5,hw_matched,992,0.647556460391219
0.5,hw_matched,993,0.6809545964500039
0.5,hw_matched,994,0.46852569046974457
0.5,hw_matched,995,0.6223389937903769
0.5,hw_matched,996,0.6480056040306441
0.5,hw_matched,997,0.6109837809527916
0.5,hw_matched,998,0.71196096261116
0.5,hw_matched,999,0.715181824610475
0.5,500,0,0.6835601318141646
0.5,500,1,0.6835717272539977
0.5,500,2,0.7038280357057157
0.5,500,3,0.7139397885796428
0.5,500,4,0.6384637387455876
0.5,500,5,0.7135593823372881
0.5,500,6,0.6866507077939303
0.5,500,7,0.7029000509259323
0.5,500,8,0.6410507226907309
0.5,500,9,0.6971889926633614
0.5,500,10,0.6965706899851769
0.5,500,11,0.725648197769394
0.5,500,12,0.688701051694421
0.5,500,13,0.7270132930398572
0.5,500,14,0.6959110318004005
0.5,500,15,0.6915807265047645
0.5,500,16,0.6951816922980578
0.5,500,17,0.7025191285949848
0.5,500,18,0.6646785800680688
0.5,500,19,0.683428048261661
0.5,500,20,0.6546615275794305
0.5,500,21,0.618695619299325
0.5,500,22,0.6658295974093047
0.5,500,23,0.7199424122144595
0.5,500,24,0.71202294751779
0.5,500,25,0.7156516067925683
0.5,500,26,0.682894068901423
0.5,500,27,0.6593529088901628
0.5,500,28,0.7155079636721857
0.5,500,29,0.705868354672273
0.5,500,30,0.6768590269334722
0.5,500,31,0.6840466592750061
0.5,500,32,0.6778159264439592
0.5,500,33,0.7002844041204561
0.5,500,34,0.6502064336035764
0.5,500,35,0.6726021466613152
0.5,500,36,0.6707489328580695
0.5,500,37,0.6694988208296212
0.5,500,38,0.7025057439525326
0.5,500,39,0.6815247296263716
0.5,500,40,0.718706862756409
0.5,500,41,0.6879596136020518
0.5,500,42,0.6978246290865631
0.5,500,43,0.7027135574331841
0.5,500,44,0.7042595611111835
0.5,500,45,0.6906643744624177
0.5,500,46,0.6835330032626671
0.5,500,47,0.7088283066914256
0.5,500,48,0.6664543999353412
0.5,500,49,0.707718129799894
0.5,500,50,0.7135160535231957
0.5,500,51,0.6883990493114346
0.5,500,52,0.705911374066103
0.5,500,53,0.6443830511539528
0.5,500,54,0.665936682127402
0.5,500,55,0.681234045070723
0.5,500,56,0.7394622222231038
0.5,500,57,0.6964490073342524
0.5,500,58,0.6586636837786166
0.5,500,59,0.7008634677520936
0.5,500,60,0.6999838489708554
0.5,500,61,0.6738874792317819
0.5,500,62,0.6802029195374943
0.5,500,63,0.740878660764306
0.5,500,64,0.6883640224801382
0.5,500,65,0.6502424966726759
0.5,500,66,0.6869128272841521
0.5,500,67,0.7148844872526403
0.5,500,68,0.7136075603165165
0.5,500,69,0.6864966369212646
0.5,500,70,0.6890612937449703
0.5,500,71,0.6782342796152432
0.5,500,72,0.7106459427912548
0.5,500,73,0.6899863129735377
0.5,500,74,0.6647192615564088
0.5,500,75,0.6747565620377844
0.5,500,76,0.7162281215402314
0.5,500,77,0.69334121089146
0.5,500,78,0.7032890899606046
0.5,500,79,0.6684195976061227
0.5,500,80,0.6968332807089975
0.5,500,81,0.6863760547117206
0.5,500,82,0.6959147441116549
0.5,500,83,0.7303342667829266
0.5,500,84,0.6833878156461524
0.5,500,85,0.6354346492645435
0.5,500,86,0.6879225806382308
0.5,500,87,0.7005786818190368
0.5,500,88,0.7079433316094702
0.5,500,89,0.6986017283564769
0.5,500,90,0.6550155601244196
0.5,500,91,0.699636651296113
0.5,500,92,0.6828645962329787
0.5,500,93,0.707535078849631
0.5,500,94,0.6718718432822043
0.5,500,95,0.7016381452470722
0.5,500,96,0.6819833443102992
0.5,500,97,0.7199606881452254
0.5,500,98,0.69151420507815
0.5,500,99,0.6848744609392055
0.5,500,100,0.7581831077251799
0.5,500,101,0.7160673319597073
0.5,500,102,0.7278440202629621
0.5,500,103,0.6817269854570976
0.5,500,104,0.7064138903192034
0.5,500,105,0.6880283224599422
0.5,500,106,0.6620823460265439
0.5,500,107,0.7210997133074473
0.5,500,108,0.6565593287864189
0.5,500,109,0.6927592221908727
0.5,500,110,0.6906315665311973
0.5,500,111,0.7354845666495478
0.5,500,112,0.7222173879923058
0.5,500,113,0.6668384689539253
0.5,500,114,0.7105116179460709
0.5,500,115,0.6539083199622391
0.5,500,116,0.7066903213833277
0.5,500,117,0.7033272709378965
0.5,500,118,0.7116639387551114
0.5,500,119,0.7007146687105
0.5,500,120,0.6272300315709527
0.5,500,121,0.6888873484933755
0.5,500,122,0.6979742432619966
0.5,500,123,0.6716281419649772
0.5,500,124,0.6838754613774289
0.5,500,125,0.7190270610807974
0.5,500,126,0.6871241128409231
0.5,500,127,0.720622609511458
0.5,500,128,0.7100726992387277
0.5,500,129,0.716127090723266
0.5,500,130,0.665097558422189
0.5,500,131,0.7001593142886923
0.5,500,132,0.7123070190806843
0.5,500,133,0.7029973862905499
0.5,500,134,0.6442876697925195
0.5,500,135,0.6700817913863399
0.5,500,136,0.7060960087486107
0.5,500,137,0.6872949226449554
0.5,500,138,0.702984445444899
0.5,500,139,0.7254719823955185
0.5,500,140,0.6935917236520466
0.5,500,141,0.710772836722894
0.5,500,142,0.681336860796929
0.5,500,143,0.6906255478433498
0.5,500,144,0.6678531998699506
0.5,500,145,0.704405546593324
0.5,500,146,0.7109257099325488
0.5,500,147,0.651866357583603
0.5,500,148,0.7165615253532318
0.5,500,149,0.6788286131493657
0.5,500,150,0.6652404823811986
0.5,500,151,0.6808334123019641
0.5,500,152,0.6903869736606516
0.5,500,153,0.705557903476058
0.5,500,154,0.6981673034262044
0.5,500,155,0.7227866934200324
0.5,500,156,0.6608558822733848
0.5,500,157,0.6785968608950486
0.5,500,158,0.6499967433046498
0.5,500,159,0.6859818947115064
0.5,500,160,0.6821552286073844
0.5,500,161,0.7108937198862997
0.5,500,162,0.6904007758125207
0.5,500,163,0.7306524426892296
0.5,500,164,0.7012707851656088
0.5,500,165,0.6172721157426599
0.5,500,166,0.7176017487531638
0.5,500,167,0.6696863999612197
0.5,500,168,0.6790173673386519
0.5,500,169,0.6962966094594221
0.5,500,170,0.671688834076007
0.5,500,171,0.6596270548590101
0.5,500,172,0.6935321141639503
0.5,500,173,0.6900212353079592
0.5,500,174,0.7349142479316656
0.5,500,175,0.6554721831351851
0.5,500,176,0.7418570755424816
0.5,500,177,0.7255505247167865
0.5,500,178,0.7138075947847555
0.5,500,179,0.691074450528372
0.5,500,180,0.668603251144344
0.5,500,181,0.7206113849437195
0.5,500,182,0.6985266081663859
0.5,500,183,0.7034623622934879
0.5,500,184,0.630880533156616
0.5,500,185,0.7017510119966266
0.5,500,186,0.7065996448724776
0.5,500,187,0.6605931427156682
0.5,500,188,0.7086364935859978
0.5,500,189,0.6812703128402587
0.5,500,190,0.6751944175052086
0.5,500,191,0.6899950130263193
0.5,500,192,0.6636598249290195
0.5,500,193,0.6866420536943991
0.5,500,194,0.6799642764471638
0.5,500,195,0.6766903517380393
0.5,500,196,0.660693435902405
0.5,500,197,0.7089888101251338
0.5,500,198,0.7038939568500904
0.5,500,199,0.6455549590588505
0.5,500,200,0.6979026704678924
0.5,500,201,0.6983925978953733
0.5,500,202,0.6486453162707909
0.5,500,203,0.6834117334348973
0.5,500,204,0.6775462041137681
0.5,500,205,0.6997376220530311
0.5,500,206,0.7029384837511726
0.5,500,207,0.6653344722570811
0.5,500,208,0.7013589429312743
0.5,500,209,0.6725305996207988
0.5,500,210,0.7328478670203038
0.5,500,211,0.703225260115848
0.5,500,212,0.7104285748882477
0.5,500,213,0.7030559526034239
0.5,500,214,0.698558966245727
0.5,500,215,0.6671446551440944
0.5,500,216,0.6991524259440693
0.5,500,217,0.6664166043715984
0.5,500,218,0.6973134080182799
0.5,500,219,0.6532977038840649
0.5,500,220,0.7290912546432389
0.5,500,221,0.686936122476522
0.5,500,222,0.6797684273494933
0.5,500,223,0.6495211730578914
0.5,500,224,0.6738518999526903
0.5,500,225,0.7119738290359083
0.5,500,226,0.7231772435807765
0.5,500,227,0.7142132292076748
0.5,500,228,0.690730418323094
0.5,500,229,0.707311168929992
0.5,500,230,0.6689292232220571
0.5,500,231,0.7004402897238264
0.5,500,232,0.7081265888368833
0.5,500,233,0.6830998573878447
0.5,500,234,0.7175737193370392
0.5,500,235,0.7176838848375788
0.5,500,236,0.6662364367805298
0.5,500,237,0.6990605556693765
0.5,500,238,0.685528492483483
0.5,500,239,0.692959806492113
0.5,500,240,0.6896314336821714
0.5,500,241,0.6868059792061934
0.5,500,242,0.7169982809701326
0.5,500,243,0.7006929324962714
0.5,500,244,0.705583077659381
0.5,500,245,0.6629129470700461
0.5,500,246,0.6843164116310125
0.5,500,247,0.6739583699892941
0.5,500,248,0.6840345494412711
0.5,500,249,0.6825195005041877
0.5,500,250,0.4872829085212136
0.5,500,251,0.7032094443166359
0.5,500,252,0.6913128732780325
0.5,500,253,0.6500891434583905
0.5,500,254,0.6897712533881339
0.5,500,255,0.7137782152181602
0.5,500,256,0.7493992379429484
0.5,500,257,0.7071275066638969
0.5,500,258,0.709822023352292
0.5,500,259,0.6678818092005943
0.5,500,260,0.6905206696907612
0.5,500,261,0.7125274109517322
0.5,500,262,0.706180724025792
0.5,500,263,0.7311814636689082
0.5,500,264,0.7072295892446949
0.5,500,265,0.6594259080921457
0.5,500,266,0.7062544157407283
0.5,500,267,0.7054331384363233
0.5,500,268,0.7016786912246267
0.5,500,269,0.7036768822037037
0.5,500,270,0.6838098391208944
0.5,500,271,0.6908630796695601
0.5,500,272,0.6661546754103521
0.5,500,273,0.6718234580349036
0.5,500,274,0.6961775016519731
0.5,500,275,0.6590754379114551
0.5,500,276,0.6787426222979904
0.5,500,277,0.6680714481824732
0.5,500,278,0.6718200043060447
0.5,500,279,0.6784526141874369
0.5,500,280,0.7143705938834153
0.5,500,281,0.6881612598375568
0.5,500,282,0.7130687974503986
0.5,500,283,0.6682018010624342
0.5,500,284,0.6692947536146758
0.5,500,285,0.7205641215514388
0.5,500,286,0.7075849343002696
0.5,500,287,0.7151453478547232
0.5,500,288,0.6639684028727805
0.5,500,289,0.7158576061750889
0.5,500,290,0.7177700299751206
0.5,500,291,0.7163719739535896
0.5,500,292,0.7164161227621642
0.5,500,293,0.6700092113039613
0.5,500,294,0.6732510739325318
0.5,500,295,0.7003673983760308
0.5,500,296,0.6850871430602508
0.5,500,297,0.7090675459178815
0.5,500,298,0.7311438680672392
0.5,500,299,0.6882140407339605
0.5,500,300,0.6420053077101262
0.5,500,301,0.6975134902872305
0.5,500,302,0.6816881215850625
0.5,500,303,0.6815526520876656
0.5,500,304,0.7052883513662938
0.5,500,305,0.716410140341403
0.5,500,306,0.6409673919396521
0.5,500,307,0.7230415565845449
0.5,500,308,0.6320037513946442
0.5,500,309,0.7174628126910181
0.5,500,310,0.7105235318357948
0.5,500,311,0.6962133990829782
0.5,500,312,0.642650064975524
0.5,500,313,0.7098659759677812
0.5,500,314,0.7250613196736729
0.5,500,315,0.6655544379776002
0.5,500,316,0.6877460815776537
0.5,500,317,0.7080018827159966
0.5,500,318,0.6870934918893907
0.5,500,319,0.6731985765586884
0.5,500,320,0.6548906737458027
0.5,500,321,0.7038385102996347
0.5,500,322,0.6736527082706851
0.5,500,323,0.6862508507490162
0.5,500,324,0.6575178945394631
0.5,500,325,0.6831369533236983
0.5,500,326,0.6865603636373483
0.5,500,327,0.6770694376830204
0.5,500,328,0.712065332187442
0.5,500,329,0.6929317608369889
0.5,500,330,0.6575682381878254
0.5,500,331,0.6792269853130901
0.5,500,332,0.6812537054422063
0.5,500,333,0.6716422446971162
0.5,500,334,0.6780530774735167
0.5,500,335,0.6623639232132594
0.5,500,336,0.6624588732413579
0.5,500,337,0.6832401581203968
0.5,500,338,0.6939654511437683
0.5,500,339,0.6788663163522226
0.5,500,340,0.7090017513878957
0.5,500,341,0.6819996445423657
0.5,500,342,0.6840313820555767
0.5,500,343,0.7031336103571537
0.5,500,344,0.6675603749815322
0.5,500,345,0.6960096800089279
0.5,500,346,0.7188251332492699
0.5,500,347,0.6788637489603184
0.5,500,348,0.669029853102309
0.5,500,349,0.6764195000912357
0.5,500,350,0.6591358017863518
0.5,500,351,0.683943009809707
0.5,500,352,0.702477173390054
0.5,500,353,0.6526023425660972
0.5,500,354,0.6793201398584752
0.5,500,355,0.6907048385802633
0.5,500,356,0.6905446488422751
0.5,500,357,0.7194024334864251
0.5,500,358,0.7073724482344903
0.5,500,359,0.7067235830022808
0.5,500,360,0.6974855211299817
0.5,500,361,0.6712945948622899
0.5,500,362,0.6495789308820952
0.5,500,363,0.691899839072311
0.5,500,364,0.7072071957160588
0.5,500,365,0.6948840792619644
0.5,500,366,0.7248393695559767
0.5,500,367,0.7056294074556244
0.5,500,368,0.7047056571617865
0.5,500,369,0.7080256281451868
0.5,500,370,0.6984837343115387
0.5,500,371,0.6827629534067869
0.5,500,372,0.7030325790346736
0.5,500,373,0.6813407912261221
0.5,500,374,0.702870373963282
0.5,500,375,0.7359369131398692
0.5,500,376,0.7179423797245055
0.5,500,377,0.6848579844778109
0.5,500,378,0.6860005216906679
0.5,500,379,0.685130786138157
0.5,500,380,0.7032860339107407
0.5,500,381,0.6996405852956762
0.5,500,382,0.6994417904135644
0.5,500,383,0.6958557803875713
0.5,500,384,0.6717104838896777
0.5,500,385,0.630522211954413
0.5,500,386,0.6958176061882919
0.5,500,387,0.6984536853849996
0.5,500,388,0.7059584945744668
0.5,500,389,0.6981510076318136
0.5,500,390,0.7134144493043297
0.5,500,391,0.7040628899481911
0.5,500,392,0.678411567085796
0.5,500,393,0.6786290942919002
0.5,500,394,0.6435952843518828
0.5,500,395,0.6862144011633298
0.5,500,396,0.6719953097784328
0.5,500,397,0.706234481603397
0.5,500,398,0.6834359326702089
0.5,500,399,0.6744389998355046
0.5,500,400,0.6754272869822776
0.5,500,401,0.6892551463401717
0.5,500,402,0.7289432262414902
0.5,500,403,0.6828659488248592
0.5,500,404,0.6859701345174328
0.5,500,405,0.6834240878543445
0.5,500,406,0.6921187480603567
0.5,500,407,0.7315564048163254
0.5,500,408,0.7363105061404556
0.5,500,409,0.731845359913569
0.5,500,410,0.6882944643300064
0.5,500,411,0.719795740543579
0.5,500,412,0.6539479168234295
0.5,500,413,0.6886767388687013
0.5,500,414,0.7112673612717934
0.5,500,415,0.6695809367556713
0.5,500,416,0.7115534926634374
0.5,500,417,0.734779977549411
0.5,500,418,0.7262320512217029
0.5,500,419,0.7355767789726243
0.5,500,420,0.6722227383164118
0.5,500,421,0.6937930912326368
0.5,500,422,0.6881244231782451
0.5,500,423,0.6971046405591987
0.5,500,424,0.6924972211965111
0.5,500,425,0.6724253970996723
0.5,500,426,0.7180805204015883
0.5,500,427,0.7367394540518144
0.5,500,428,0.7107369081642584
0.5,500,429,0.6847842569114568
0.5,500,430,0.6636531056113935
0.5,500,431,0.6931484885162705
0.5,500,432,0.7155212016778603
0.5,500,433,0.6846579189538984
0.5,500,434,0.684894349246898
0.5,500,435,0.6828773146374825
0.5,500,436,0.6740366836287384
0.5,500,437,0.6265468912607828
0.5,500,438,0.6985032432228298
0.5,500,439,0.7158670940018623
0.5,500,440,0.6801576334391145
0.5,500,441,0.7127091689885714
0.5,500,442,0.6914299874018496
0.5,500,443,0.7226876367122528
0.5,500,444,0.6502845786841435
0.5,500,445,0.7153132574464394
0.5,500,446,0.6661665832381585
0.5,500,447,0.7117354977065016
0.5,500,448,0.7031795845440751
0.5,500,449,0.6959377197127671
0.5,500,450,0.6690840767014963
0.5,500,451,0.6857266385257692
0.5,500,452,0.6703028708102521
0.5,500,453,0.7228616252513955
0.5,500,454,0.6626117401618485
0.5,500,455,0.721088173362997
0.5,500,456,0.6603610617274063
0.5,500,457,0.7053057236508942
0.5,500,458,0.7229165087151534
0.5,500,459,0.7308496579146855
0.5,500,460,0.6907212975964823
0.5,500,461,0.7130880150232461
0.5,500,462,0.6814431194936488
0.5,500,463,0.6636248239756501
0.5,500,464,0.6856405153298342
0.5,500,465,0.6725618671156839
0.5,500,466,0.6788727897763742
0.5,500,467,0.7011844727836244
0.5,500,468,0.7038157780585115
0.5,500,469,0.6749013677601228
0.5,500,470,0.7179617651562664
0.5,500,471,0.679351422877507
0.5,500,472,0.7103421630479564
0.5,500,473,0.6580457121022509
0.5,500,474,0.7040047935291798
0.5,500,475,0.6655073523102615
0.5,500,476,0.6428903425989532
0.5,500,477,0.6958861183715013
0.5,500,478,0.6736187734313881
0.5,500,479,0.6427302220031992
0.5,500,480,0.6873077988084781
0.5,500,481,0.714136370770746
0.5,500,482,0.7176688384947931
0.5,500,483,0.7026499224103449
0.5,500,484,0.7100372685364202
0.5,500,485,0.7216893200551067
0.5,500,486,0.7246349321477983
0.5,500,487,0.698996309603665
0.5,500,488,0.6558171578295999
0.5,500,489,0.6385111086205633
0.5,500,490,0.6795169984082357
0.5,500,491,0.6755813098627523
0.5,500,492,0.6952752367909698
0.5,500,493,0.7181275786967869
0.5,500,494,0.6803687764061974
0.5,500,495,0.672309993176631
0.5,500,496,0.6685570747885021
0.5,500,497,0.7048843484289572
0.5,500,498,0.6727813203443755
0.5,500,499,0.6731633371257228
0.5,500,500,0.6872475929552104
0.5,500,501,0.6932981905598647
0.5,500,502,0.686756199617506
0.5,500,503,0.727387066424874
0.5,500,504,0.700385618574715
0.5,500,505,0.6818326078588482
0.5,500,506,0.6577508106722523
0.5,500,507,0.6689112152330305
0.5,500,508,0.6963216408573027
0.5,500,509,0.693936665725932
0.5,500,510,0.6968566061875859
0.5,500,511,0.692602593952534
0.5,500,512,0.699208404848438
0.5,500,513,0.6969488823956014
0.5,500,514,0.6867870389210211
0.5,500,515,0.6621431019522699
0.5,500,516,0.6667834313231397
0.5,500,517,0.7185575839883455
0.5,500,518,0.6801783688568671
0.5,500,519,0.6429376445842784
0.5,500,520,0.6895804076315046
0.5,500,521,0.6759205587922996
0.5,500,522,0.6656380183226934
0.5,500,523,0.6600447624392621
0.5,500,524,0.7194567061076028
0.5,500,525,0.7048959387703682
0.5,500,526,0.6897635887208935
0.5,500,527,0.6960125252795082
0.5,500,528,0.6768174715269966
0.5,500,529,0.7061369499713372
0.5,500,530,0.681237229873951
0.5,500,531,0.6656228273667488
0.5,500,532,0.6898607635044054
0.5,500,533,0.730970294080513
0.5,500,534,0.7306983701505372
0.5,500,535,0.6682899582256387
0.5,500,536,0.695971394480076
0.5,500,537,0.664956628183812
0.5,500,538,0.6836150821413551
0.5,500,539,0.6648061409687024
0.5,500,540,0.6689024841513109
0.5,500,541,0.7149189710996773
0.5,500,542,0.7096793727772426
0.5,500,543,0.728097461315801
0.5,500,544,0.7031661742840568
0.5,500,545,0.7035329810824655
0.5,500,546,0.674993803302235
0.5,500,547,0.6736934967105042
0.5,500,548,0.7313818836131472
0.5,500,549,0.6733531750104156
0.5,500,550,0.6947587526061751
0.5,500,551,0.7094475105708211
0.5,500,552,0.679017646471642
0.5,500,553,0.6583845474860532
0.5,500,554,0.6891786886450423
0.5,500,555,0.6349996034606797
0.5,500,556,0.6781027937158324
0.5,500,557,0.7115026517239466
0.5,500,558,0.728384794663367
0.5,500,559,0.6701052154569707
0.5,500,560,0.7101366921025523
0.5,500,561,0.6633996695380973
0.5,500,562,0.7063677454193487
0.5,500,563,0.7362664947535665
0.5,500,564,0.6868997129827188
0.5,500,565,0.6572141200920549
0.5,500,566,0.6834750414980902
0.5,500,567,0.7024520153503845
0.5,500,568,0.6603576869026011
0.5,500,569,0.7094877089194156
0.5,500,570,0.6923382715279351
0.5,500,571,0.6754734384113581
0.5,500,572,0.7030600789798145
0.5,500,573,0.7019323675465844
0.5,500,574,0.728790529080002
0.5,500,575,0.6908230682385238
0.5,500,576,0.6562988236071818
0.5,500,577,0.6970103060139118
0.5,500,578,0.6063665176532771
0.5,500,579,0.7457151356898875
0.5,500,580,0.7032479169288934
0.5,500,581,0.6921038120421967
0.5,500,582,0.7163599542911256
0.5,500,583,0.6580441523794593
0.5,500,584,0.6517133770726433
0.5,500,585,0.6643288916254775
0.5,500,586,0.681001924684695
0.5,500,587,0.7197523522358329
0.5,500,588,0.6885613654723206
0.5,500,589,0.6417391395016034
0.5,500,590,0.7042816227102668
0.5,500,591,0.6911732961414236
0.5,500,592,0.667684980918877
0.5,500,593,0.6740301734312805
0.5,500,594,0.6887850514335514
0.5,500,595,0.6981414525625547
0.5,500,596,0.6970133832616432
0.5,500,597,0.6812999818093066
0.5,500,598,0.7068746039474243
0.5,500,599,0.7369167606801005
0.5,500,600,0.7192011477204846
0.5,500,601,0.6900381042565767
0.5,500,602,0.7073345164280787
0.5,500,603,0.6760158635852734
0.5,500,604,0.6511281147439145
0.5,500,605,0.6642780032778375
0.5,500,606,0.6648240158687102
0.5,500,607,0.6612589011489467
0.5,500,608,0.7187929758036299
0.5,500,609,0.7161392777311825
0.5,500,610,0.682095069619107
0.5,500,611,0.6777388387496286
0.5,500,612,0.7064964940841869
0.5,500,613,0.6577796109334201
0.5,500,614,0.692762308099062
0.5,500,615,0.6985403665888361
0.5,500,616,0.6818640621040761
0.5,500,617,0.6899524362473224
0.5,500,618,0.6789324401502139
0.5,500,619,0.714511990246085
0.5,500,620,0.6908796078820432
0.5,500,621,0.6953939540147472
0.5,500,622,0.6818880155704615
0.5,500,623,0.6659860109130505
0.5,500,624,0.6722375687869757
0.5,500,625,0.6908612072078639
0.5,500,626,0.6987054577382646
0.5,500,627,0.7279870403844402
0.5,500,628,0.6661124616434617
0.5,500,629,0.7295265093829596
0.5,500,630,0.6953457516496975
0.5,500,631,0.685873993239932
0.5,500,632,0.6683967202569032
0.5,500,633,0.6249362010915471
0.5,500,634,0.7170589049364904
0.5,500,635,0.7314214214033685
0.5,500,636,0.6751381558077754
0.5,500,637,0.6977527994378288
0.5,500,638,0.7243115171836871
0.5,500,639,0.695500207838098
0.5,500,640,0.7067463643367693
0.5,500,641,0.6823465904173045
0.5,500,642,0.6891712722832899
0.5,500,643,0.7019067193771892
0.5,500,644,0.6732585832534927
0.5,500,645,0.7096051115160149
0.5,500,646,0.6832764872729983
0.5,500,647,0.709666679130283
0.5,500,648,0.6804022195471924
0.5,500,649,0.6971760879402491
0.5,500,650,0.6744973363561657
0.5,500,651,0.6838094793758982
0.5,500,652,0.6697730708194509
0.5,500,653,0.6600773631071071
0.5,500,654,0.7090732131531583
0.5,500,655,0.6992502771766402
0.5,500,656,0.7343635158146959
0.5,500,657,0.7160494179387561
0.5,500,658,0.7020549892026038
0.5,500,659,0.7077167104657125
0.5,500,660,0.6726835914796956
0.5,500,661,0.7195325668633038
0.5,500,662,0.6654291016736532
0.5,500,663,0.7066283142141991
0.5,500,664,0.6519483750999394
0.5,500,665,0.6911806317192718
0.5,500,666,0.6827659334976564
0.5,500,667,0.7063536578185483
0.5,500,668,0.7146698804456264
0.5,500,669,0.6728658671124609
0.5,500,670,0.7031152785666636
0.5,500,671,0.6926757437771467
0.5,500,672,0.6743784348465056
0.5,500,673,0.6455408629923707
0.5,500,674,0.6954814471721718
0.5,500,675,0.6564361964364176
0.5,500,676,0.6811408389756239
0.5,500,677,0.6682710200762845
0.5,500,678,0.6823710192669151
0.5,500,679,0.6673361488686984
0.5,500,680,0.6808077424492154
0.5,500,681,0.6654687372383215
0.5,500,682,0.6611177160618344
0.5,500,683,0.6818453274474903
0.5,500,684,0.6974700019138989
0.5,500,685,0.6856274355801559
0.5,500,686,0.6957551977903637
0.5,500,687,0.7027833949737906
0.5,500,688,0.6987636566910126
0.5,500,689,0.6628406202881665
0.5,500,690,0.6991708438195395
0.5,500,691,0.7300863555256907
0.5,500,692,0.6975145715126374
0.5,500,693,0.7129256632802159
0.5,500,694,0.6736070992602743
0.5,500,695,0.6852313842074884
0.5,500,696,0.7193807124056852
0.5,500,697,0.7047351987407731
0.5,500,698,0.6948769979531644
0.5,500,699,0.6454223938809471
0.5,500,700,0.682564554902537
0.5,500,701,0.6947217523303202
0.5,500,702,0.7223656174799291
0.5,500,703,0.6923230798737239
0.5,500,704,0.6926828818121324
0.5,500,705,0.6676092101238709
0.5,500,706,0.7268566115900414
0.5,500,707,0.7214898950213121
0.5,500,708,0.6420074096554061
0.5,500,709,0.6694659922210779
0.5,500,710,0.6856090616737478
0.5,500,711,0.6532738425688731
0.5,500,712,0.6660867340402052
0.5,500,713,0.722712834174571
0.5,500,714,0.6767345087207233
0.5,500,715,0.6906144461817192
0.5,500,716,0.6639891943428953
0.5,500,717,0.6754337178714716
0.5,500,718,0.7035923525512531
0.5,500,719,0.6331752792061108
0.5,500,720,0.673963523240013
0.5,500,721,0.6902537993033411
0.5,500,722,0.6597522526067311
0.5,500,723,0.6941752126900466
0.5,500,724,0.6782753990420533
0.5,500,725,0.6864005808387736
0.5,500,726,0.6789591668223383
0.5,500,727,0.6491674714015365
0.5,500,728,0.6640410818923179
0.5,500,729,0.6842350896430397
0.5,500,730,0.679978481677608
0.5,500,731,0.6790431393108802
0.5,500,732,0.680701001047013
0.5,500,733,0.7083350372591407
0.5,500,734,0.6600706566699206
0.5,500,735,0.7164631658308485
0.5,500,736,0.6944672746908954
0.5,500,737,0.7082714786475566
0.5,500,738,0.686705786344193
0.5,500,739,0.7272362251766467
0.5,500,740,0.6823790818944779
0.5,500,741,0.7150186207869653
0.5,500,742,0.720291968359617
0.5,500,743,0.6852662997048087
0.5,500,744,0.68872586987546
0.5,500,745,0.6790562206334645
0.5,500,746,0.699755285738934
0.5,500,747,0.7161963925983728
0.5,500,748,0.6639088650191818
0.5,500,749,0.7183082314507765
0.5,500,750,0.7021127549376103
0.5,500,751,0.6801282826669082
0.5,500,752,0.6669042296704459
0.5,500,753,0.7565043223585152
0.5,500,754,0.6624000720299166
0.5,500,755,0.681265896781651
0.5,500,756,0.6818811853419584
0.5,500,757,0.6960549392286894
0.5,500,758,0.667929224636783
0.5,500,759,0.6961298786506551
0.5,500,760,0.7004344216069023
0.5,500,761,0.6940776929230186
0.5,500,762,0.7069176012004716
0.5,500,763,0.7158080825033722
0.5,500,764,0.6937211799813842
0.5,500,765,0.6731165403479475
0.5,500,766,0.6470945001543051
0.5,500,767,0.7096872115896924
0.5,500,768,0.6811762508655286
0.5,500,769,0.6606449770457105
0.5,500,770,0.6745133289742115
0.5,500,771,0.693948857357755
0.5,500,772,0.6843939238096364
0.5,500,773,0.6654651253669781
0.5,500,774,0.6969377457951
0.5,500,775,0.6512049403295839
0.5,500,776,0.695839892702851
0.5,500,777,0.716036285412084
0.5,500,778,0.7041045076538535
0.5,500,779,0.6893432983548695
0.5,500,780,0.6866551287108079
0.5,500,781,0.6995619797858755
0.5,500,782,0.665602790402583
0.5,500,783,0.6985020751247879
0.5,500,784,0.62433154989745
0.5,500,785,0.7002808026583742
0.5,500,786,0.7031267333238096
0.5,500,787,0.6828241573373084
0.5,500,788,0.6841434485146783
0.5,500,789,0.7299768068207195
0.5,500,790,0.7113487219187613
0.5,500,791,0.6738523942156527
0.5,500,792,0.7250349935662146
0.5,500,793,0.7201995007755395
0.5,500,794,0.6924526467387583
0.5,500,795,0.6696685827965173
0.5,500,796,0.6616079214246006
0.5,500,797,0.7159838792584193
0.5,500,798,0.6939694288628973
0.5,500,799,0.7441900854003165
0.5,500,800,0.68662546372664
0.5,500,801,0.6647609318153251
0.5,500,802,0.6918404935336626
0.5,500,803,0.6395769726440704
0.5,500,804,0.6798487041399114
0.5,500,805,0.6445113327756131
0.5,500,806,0.716711419669575
0.5,500,807,0.7017851785046574
0.5,500,808,0.6745622179534736
0.5,500,809,0.7227663356956389
0.5,500,810,0.7136709988981956
0.5,500,811,0.6909886651492745
0.5,500,812,0.701998079968837
0.5,500,813,0.6506889358046037
0.5,500,814,0.682441916401469
0.5,500,815,0.7118283122630479
0.5,500,816,0.7056356208045145
0.5,500,817,0.6933539173242274
0.5,500,818,0.6591550642812125
0.5,500,819,0.5962952951136565
0.5,500,820,0.6823661570543835
0.5,500,821,0.6900854161378844
0.5,500,822,0.6743377686012433
0.5,500,823,0.6877939798836838
0.5,500,824,0.7043125425943761
0.5,500,825,0.658218356157562
0.5,500,826,0.6817561592767313
0.5,500,827,0.7240394069715966
0.5,500,828,0.6639040991877965
0.5,500,829,0.6731406553249575
0.5,500,830,0.6816628949675194
0.5,500,831,0.6775197743828067
0.5,500,832,0.7141973342875625
0.5,500,833,0.7173967681376807
0.5,500,834,0.6248339743264351
0.5,500,835,0.7092785445305041
0.5,500,836,0.6804840597303607
0.5,500,837,0.7032879780576379
0.5,500,838,0.661975977570653
0.5,500,839,0.6879161060555214
0.5,500,840,0.6793842963818418
0.5,500,841,0.6807768204157152
0.5,500,842,0.6250103072516948
0.5,500,843,0.6758777605944075
0.5,500,844,0.7065769064424078
0.5,500,845,0.7126270315226642
0.5,500,846,0.7219426463683879
0.5,500,847,0.6959750840871359
0.5,500,848,0.6780917143776808
0.5,500,849,0.6632384346614859
0.5,500,850,0.6973660318344721
0.5,500,851,0.6998344696594103
0.5,500,852,0.680127914657056
0.5,500,853,0.6955622934660577
0.5,500,854,0.6764265663970987
0.5,500,855,0.6911007901128143
0.5,500,856,0.7317651536922597
0.5,500,857,0.6842022920853503
0.5,500,858,0.7334738416216162
0.5,500,859,0.6943837983575492
0.5,500,860,0.6620470598376682
0.5,500,861,0.6987988858954859
0.5,500,862,0.7171731205671137
0.5,500,863,0.7098928991269441
0.5,500,864,0.7257633607623672
0.5,500,865,0.6866873028530454
0.5,500,866,0.6981042176669325
0.5,500,867,0.6759404876643474
0.5,500,868,0.6623506551673815
0.5,500,869,0.6802527474596397
0.5,500,870,0.6978755319451253
0.5,500,871,0.6938750871603256
0.5,500,872,0.6956180182397518
0.5,500,873,0.6573249345942248
0.5,500,874,0.6916104205985583
0.5,500,875,0.6771584162729312
0.5,500,876,0.7349396974312783
0.5,500,877,0.6911686314093821
0.5,500,878,0.6905326972273855
0.5,500,879,0.6822434328202069
0.5,500,880,0.657033029394225
0.5,500,881,0.6838012946237035
0.5,500,882,0.7104570738823726
0.5,500,883,0.7051933566192533
0.5,500,884,0.6698452852676801
0.5,500,885,0.5752610746255886
0.5,500,886,0.683900687560702
0.5,500,887,0.7212488285169376
0.5,500,888,0.7248048042705926
0.5,500,889,0.6814448185839506
0.5,500,890,0.7094842975190898
0.5,500,891,0.6585065039460316
0.5,500,892,0.6877783954665329
0.5,500,893,0.7112109012342652
0.5,500,894,0.6441796955006753
0.5,500,895,0.7177769974253005
0.5,500,896,0.7252898379953934
0.5,500,897,0.6864554739703085
0.5,500,898,0.6885580794144928
0.5,500,899,0.6610300156691404
0.5,500,900,0.7095931511635207
0.5,500,901,0.7023331742389853
0.5,500,902,0.7116921002067578
0.5,500,903,0.7001526161723404
0.5,500,904,0.7164208371326917
0.5,500,905,0.6123458424539461
0.5,500,906,0.7268580152918693
0.5,500,907,0.725437009141157
0.5,500,908,0.6840931011120368
0.5,500,909,0.6824873394601092
0.5,500,910,0.6840633429263354
0.5,500,911,0.7248974032284452
0.5,500,912,0.7063647971132587
0.5,500,913,0.6559191033842278
0.5,500,914,0.7085155695813142
0.5,500,915,0.6869885533757216
0.5,500,916,0.7096423237633709
0.5,500,917,0.6461573278071562
0.5,500,918,0.7119695234826484
0.5,500,919,0.6772179863193659
0.5,500,920,0.6872077116293076
0.5,500,921,0.6255252918500396
0.5,500,922,0.7356554478308069
0.5,500,923,0.7022953519564347
0.5,500,924,0.6591320320269674
0.5,500,925,0.640130111967129
0.5,500,926,0.6628261238124447
0.5,500,927,0.6790730991786784
0.5,500,928,0.6856340242563462
0.5,500,929,0.6946896026065065
0.5,500,930,0.6763286937313246
0.5,500,931,0.7130545957625948
0.5,500,932,0.6784922773639657
0.5,500,933,0.6760310618380625
0.5,500,934,0.7179697236604508
0.5,500,935,0.7032823316375616
0.5,500,936,0.6819445863322663
0.5,500,937,0.6940610483945676
0.5,500,938,0.6823621100004037
0.5,500,939,0.6760962386773437
0.5,500,940,0.6929132084082894
0.5,500,941,0.6879596436348459
0.5,500,942,0.6607063232038957
0.5,500,943,0.7008474688444977
0.5,500,944,0.6872695887097049
0.5,500,945,0.6812998199627883
0.5,500,946,0.6931446252058924
0.5,500,947,0.674784877996431
0.5,500,948,0.6828720869384366
0.5,500,949,0.702949135397098
0.5,500,950,0.6316543349793603
0.5,500,951,0.7201173446535847
0.5,500,952,0.6978176019036632
0.5,500,953,0.6576974419387521
0.5,500,954,0.6869839840803222
0.5,500,955,0.6877622856953023
0.5,500,956,0.6255753703492487
0.5,500,957,0.6977219819237492
0.5,500,958,0.7109392259397279
0.5,500,959,0.7043629059696508
0.5,500,960,0.706047395984043
0.5,500,961,0.6601385003271967
0.5,500,962,0.6821709665455212
0.5,500,963,0.6763384853065139
0.5,500,964,0.669763230318813
0.5,500,965,0.6915887615859457
0.5,500,966,0.6686853007659037
0.5,500,967,0.695129235907237
0.5,500,968,0.7161469314295217
0.5,500,969,0.6820179580326619
0.5,500,970,0.6455112555837166
0.5,500,971,0.6933635821269177
0.5,500,972,0.6821101867671282
0.5,500,973,0.6620393412267543
0.5,500,974,0.729459279263445
0.5,500,975,0.6951979632352382
0.5,500,976,0.6797402428983843
0.5,500,977,0.7218680495261095
0.5,500,978,0.6604165546333169
0.5,500,979,0.7369059738274223
0.5,500,980,0.7354256927490135
0.5,500,981,0.6967804702026232
0.5,500,982,0.6767798309302531
0.5,500,983,0.7031728187865532
0.5,500,984,0.6711053771862384
0.5,500,985,0.7334889790784347
0.5,500,986,0.6945925068740544
0.5,500,987,0.702655082631193
0.5,500,988,0.6986935067219135
0.5,500,989,0.7199610470343871
0.5,500,990,0.7386729755253597
0.5,500,991,0.659271912916179
0.5,500,992,0.7272872915327429
0.5,500,993,0.6868812149266954
0.5,500,994,0.6726338252348983
0.5,500,995,0.6809466871271651
0.5,500,996,0.6849738418533273
0.5,500,997,0.6432055013579301
0.5,500,998,0.7269494091542048
0.5,500,999,0.6738890690178192
0.7,100,0,0.005219411644001526
0.7,100,1,-0.041663848817407034
0.7,100,2,-0.19145511220633837
0.7,100,3,0.10169266983856196
0.7,100,4,-0.10166799183166542
0.7,100,5,-0.0469795014456591
0.7,100,6,-0.09723967383530407
0.7,100,7,-0.17632813557065252
0.7,100,8,0.023646896936090567
0.7,100,9,0.001799906086499159
0.7,100,10,-0.32600532043265806
0.7,100,11,0.011879381459542482
0.7,100,12,0.007019018323754511
0.7,100,13,0.005658145612019272
0.7,100,14,0.02890807174901444
0.7,100,15,-0.03511149205468023
0.7,100,16,0.04216222970510042
0.7,100,17,0.01810817853418989
0.7,100,18,-0.09497268541832526
0.7,100,19,-0.06889529209010736
0.7,100,20,-0.15670525070542785
0.7,100,21,-0.24090924070248199
0.7,100,22,0.001212640360314099
0.7,100,23,0.005779562505120683
0.7,100,24,-0.09526136903992777
0.7,100,25,-0.027205214180589632
0.7,100,26,0.08897251133487982
0.7,100,27,-0.10011680880770069
0.7,100,28,-0.1363381880071981
0.7,100,29,0.055292286340303476
0.7,100,30,-0.01064894718704723
0.7,100,31,0.04046170388731063
0.7,100,32,0.011936031218701126
0.7,100,33,-0.16959960548594788
0.7,100,34,-0.08754874326645656
0.7,100,35,-0.003530890381106877
0.7,100,36,-0.2520160529353592
0.7,100,37,-0.10198010594988571
0.7,100,38,-0.05733582822447025
0.7,100,39,0.026897864770280555
0.7,100,40,0.03687777433091399
0.7,100,41,-0.056615601067227184
0.7,100,42,-0.04495522800774321
0.7,100,43,0.1704449834900632
0.7,100,44,-0.06523586806920312
0.7,100,45,-0.07236157027595391
0.7,100,46,-0.047564503689467186
0.7,100,47,-0.0034968640332799783
0.7,100,48,-0.03936148113035687
0.7,100,49,0.015269401517131742
0.7,100,50,0.011072406558003345
0.7,100,51,-0.22220478094274188
0.7,100,52,-0.021986171226514806
0.7,100,53,-0.1036206878462067
0.7,100,54,0.0009785937925071986
0.7,100,55,-0.13372652606255997
0.7,100,56,0.01849149951930118
0.7,100,57,-0.05454069163761521
0.7,100,58,0.06625673550633415
0.7,100,59,-0.02342001558191731
0.7,100,60,-0.03817297224801952
0.7,100,61,-0.031730673857198965
0.7,100,62,-0.06154483434679281
0.7,100,63,7.092562394839241e-05
0.7,100,64,-0.2771310530637734
0.7,100,65,0.047747149880348005
0.7,100,66,-0.03132745892968969
0.7,100,67,-0.11488735140841788
0.7,100,68,-0.02809470718353224
0.7,100,69,-0.004318151605916309
0.7,100,70,-0.027096862342504524
0.7,100,71,-0.024307953745429156
0.7,100,72,0.010654221806129405
0.7,100,73,-0.04552406515090479
0.7,100,74,-0.16803980408627628
0.7,100,75,0.02366811708733063
0.7,100,76,0.006503020155235517
0.7,100,77,-0.0804829782194516
0.7,100,78,0.01744152349089889
0.7,100,79,0.013769412975766171
0.7,100,80,0.02899984972290126
0.7,100,81,-0.01941341831537935
0.7,100,82,-0.01276391077811101
0.7,100,83,-0.027506497274186303
0.7,100,84,0.06332245876663112
0.7,100,85,-0.13779448227785385
0.7,100,86,-0.01462918386030565
0.7,100,87,-0.016930720688121292
0.7,100,88,-0.08051969482053822
0.7,100,89,-0.07469481438824532
0.7,100,90,-0.14615613746650746
0.7,100,91,-0.07943054772882596
0.7,100,92,0.07197702644994108
0.7,100,93,0.07176356997839217
0.7,100,94,-0.09371634290262931
0.7,100,95,-0.13739956945742415
0.7,100,96,-0.007422484511587335
0.7,100,97,0.020709022377562558
0.7,100,98,-0.10155678348151564
0.7,100,99,-0.045823143501144914
0.7,100,100,0.003629533682979802
0.7,100,101,0.012512398270713265
0.7,100,102,0.030308773477968787
0.7,100,103,-0.044117601001344875
0.7,100,104,-0.10806562574661083
0.7,100,105,-0.0817007416443829
0.7,100,106,-0.04014058847477209
0.7,100,107,-0.1373152731917473
0.7,100,108,-0.11927306832280404
0.7,100,109,-0.10902363036965812
0.7,100,110,-0.03074057531541552
0.7,100,111,-0.051939185443157676
0.7,100,112,0.07528033051033844
0.7,100,113,0.026492650857336986
0.7,100,114,0.11040085662408661
0.7,100,115,0.052683267640035725
0.7,100,116,-0.04665152966987707
0.7,100,117,-0.33509087528088277
0.7,100,118,0.003319039181443606
0.7,100,119,-0.1388818540830401
0.7,100,120,-0.015950949152406135
0.7,100,121,-0.018824343440859037
0.7,100,122,-0.07878971297067805
0.7,100,123,0.06882276049683012
0.7,100,124,-0.10870865458884316
0.7,100,125,-0.1946088958907064
0.7,100,126,0.03373386151546642
0.7,100,127,0.0311104591436695
0.7,100,128,0.0034727604405491164
0.7,100,129,0.0762435343825365
0.7,100,130,-0.06910490818238135
0.7,100,131,-0.2115481720096053
0.7,100,132,0.04687088365083969
0.7,100,133,0.028098279434699114
0.7,100,134,-0.25537475352085903
0.7,100,135,-0.029102290595970803
0.7,100,136,0.030432316831525696
0.7,100,137,0.0011755548162812879
0.7,100,138,0.03836025404081367
0.7,100,139,-0.22597571453874088
0.7,100,140,-0.0033955084177603734
0.7,100,141,0.05162767047831429
0.7,100,142,-0.06441610323245417
0.7,100,143,-0.3884096481831423
0.7,100,144,-0.1965042704604545
0.7,100,145,-0.10694308237455497
0.7,100,146,0.023131042227824694
0.7,100,147,0.07021337937294414
0.7,100,148,-0.0018829612066322277
0.7,100,149,-0.12547694243988938
0.7,100,150,-0.2405082365106428
0.7,100,151,-0.0006867719005709816
0.7,100,152,0.027030381006208914
0.7,100,153,-0.1817131046534357
0.7,100,154,-0.008862575985031151
0.7,100,155,0.0038696680521983495
0.7,100,156,-0.03228149092339572
0.7,100,157,0.015192423599608151
0.7,100,158,0.05683193202661485
0.7,100,159,0.01503296363438833
0.7,100,160,-0.025522930678951283
0.7,100,161,0.006301199514805456
0.7,100,162,-0.10844031949763999
0.7,100,163,-0.0780202372644323
0.7,100,164,-0.23537664485749188
0.7,100,165,-0.15644749899925903
0.7,100,166,-0.06985514379365032
0.7,100,167,-0.11716289613503195
0.7,100,168,0.011011835665700853
0.7,100,169,-0.010486075504037462
0.7,100,170,0.02143089538633136
0.7,100,171,0.0492745039213045
0.7,100,172,-0.04477407841242664
0.7,100,173,-0.2885504392617184
0.7,100,174,-0.005416749223781769
0.7,100,175,-0.027948925771883237
0.7,100,176,-0.050616389017105856
0.7,100,177,-0.023386914852529195
0.7,100,178,-0.02782874995209106
0.7,100,179,0.01535992239489159
0.7,100,180,-0.192684200052474
0.7,100,181,-0.024612176242162498
0.7,100,182,-0.23155561654647516
0.7,100,183,0.08783212936506024
0.7,100,184,-0.05424669702962004
0.7,100,185,-0.007523644458779399
0.7,100,186,0.036688106811196164
0.7,100,187,0.03892749995208833
0.7,100,188,-0.11172404144723758
0.7,100,189,-0.2141590065576171
0.7,100,190,0.0393761072769665
0.7,100,191,-0.0749501630839915
0.7,100,192,0.026968101005373946
0.7,100,193,-0.13409356817220508
0.7,100,194,-0.1315426996086988
0.7,100,195,-0.06838448687916276
0.7,100,196,-0.041006766549245066
0.7,100,197,-0.13018896426199023
0.7,100,198,0.08105129829643531
0.7,100,199,0.0539260370768877
0.7,100,200,-0.038657538524210944
0.7,100,201,-0.1243907145980454
0.7,100,202,0.12416772601670756
0.7,100,203,0.04075051387334472
0.7,100,204,0.046087284644775184
0.7,100,205,-0.08796191862152525
0.7,100,206,0.02094142135363819
0.7,100,207,-0.10340601429636465
0.7,100,208,-0.09975070746548997
0.7,100,209,-0.13821304706617932
0.7,100,210,0.03388281132883586
0.7,100,211,-0.004113127575165132
0.7,100,212,0.047003124521957984
0.7,100,213,0.05019991103026622
0.7,100,214,-0.06519915416285382
0.7,100,215,0.01749083357469039
0.7,100,216,-0.0298199365332108
0.7,100,217,-0.13165178162847901
0.7,100,218,-0.15330272567838188
0.7,100,219,0.031844446812403726
0.7,100,220,0.010238527234707973
0.7,100,221,-0.07854493890865721
0.7,100,222,-0.1187647666977647
0.7,100,223,-0.053415798553438476
0.7,100,224,-0.01719953660143636
0.7,100,225,-0.07590662942176407
0.7,100,226,-0.052137458717559815
0.7,100,227,0.032890632104953355
0.7,100,228,-0.06893123612533247
0.7,100,229,-0.003111657409171631
0.7,100,230,-0.09609914606304404
0.7,100,231,0.030227608097391667
0.7,100,232,-0.042902078536791066
0.7,100,233,-0.03288083644400652
0.7,100,234,0.05253545361215184
0.7,100,235,-0.0317155643447109
0.7,100,236,-0.09895996571162757
0.7,100,237,0.04418154898753901
0.7,100,238,-0.15423632747628968
0.7,100,239,-0.047447169169613446
0.7,100,240,0.02994023772840526
0.7,100,241,-0.039864139525247255
0.7,100,242,0.005409902267157096
0.7,100,243,-0.0813355699035625
0.7,100,244,-0.10586816834258106
0.7,100,245,0.05228278188446067
0.7,100,246,-0.21732215438248836
0.7,100,247,-0.0598338796990574
0.7,100,248,-0.005103815235162568
0.7,100,249,-0.11542972504751758
0.7,100,250,0.10497572432980906
0.7,100,251,-0.06507082180949797
0.7,100,252,-0.07980352949482672
0.7,100,253,-0.1377433594585744
0.7,100,254,-0.01196102100319596
0.7,100,255,-0.01062373666976879
0.7,100,256,-0.06359905206845595
0.7,100,257,-0.2317077105840475
0.7,100,258,-0.06238840798830392
0.7,100,259,0.011270848892160568
0.7,100,260,-0.0035872294419752038
0.7,100,261,0.05052643026184933
0.7,100,262,0.03605392511805805
0.7,100,263,-0.0033934751303852373
0.7,100,264,-0.12750751987638131
0.7,100,265,-0.06814545533686056
0.7,100,266,0.0016493073542857006
0.7,100,267,-0.022502282772464577
0.7,100,268,0.05081749644459044
0.7,100,269,-0.027885330948141274
0.7,100,270,0.06318956363783323
0.7,100,271,-0.007958710707394179
0.7,100,272,-0.036371876722876895
0.7,100,273,-0.006725179730933339
0.7,100,274,-0.05371686737170611
0.7,100,275,-0.0380209366643951
0.7,100,276,-0.08875506149922652
0.7,100,277,0.027725003225642086
0.7,100,278,0.020928221507275024
0.7,100,279,0.1528852226529277
0.7,100,280,-0.04069340729211324
0.7,100,281,-0.13587401203545935
0.7,100,282,-0.02720390132110162
0.7,100,283,-0.009322921875849044
0.7,100,284,-0.03368986300930854
0.7,100,285,-0.013070377476338324
0.7,100,286,-0.10780124950143
0.7,100,287,0.023382347722756158
0.7,100,288,0.03302094634998187
0.7,100,289,0.057160674502788056
0.7,100,290,-0.07415063171141312
0.7,100,291,-0.09027604038008707
0.7,100,292,-0.12134746575125455
0.7,100,293,-0.427831172393065
0.7,100,294,-0.0945299685483012
0.7,100,295,-0.03884264242977631
0.7,100,296,-0.025027430289713326
0.7,100,297,0.08617816157535407
0.7,100,298,-0.096556137880909
0.7,100,299,-0.014348895623805369
0.7,100,300,-0.05391201012890745
0.7,100,301,-0.003190051879010003
0.7,100,302,-0.09799210238489353
0.7,100,303,-0.06781168220973188
0.7,100,304,-0.06578687882812884
0.7,100,305,-0.045113216160767466
0.7,100,306,-0.05995409019046383
0.7,100,307,0.032374037755237284
0.7,100,308,0.002330454160561768
0.7,100,309,0.07937264305496627
0.7,100,310,0.025080118485968694
0.7,100,311,0.021705148391592544
0.7,100,312,-0.2906169499855311
0.7,100,313,-0.19311186401923752
0.7,100,314,0.013124144463541043
0.7,100,315,-0.03751363547085851
0.7,100,316,-0.013167463258409562
0.7,100,317,-0.09579119480814113
0.7,100,318,-0.07096080028585705
0.7,100,319,-0.20110903496821653
0.7,100,320,0.011875427051265763
0.7,100,321,-0.04826985422001706
0.7,100,322,0.026099492227561805
0.7,100,323,-0.10811740646182444
0.7,100,324,-0.0004060353857464616
0.7,100,325,-0.0433203781922018
0.7,100,326,0.039003349554202926
0.7,100,327,-0.022793433622641857
0.7,100,328,-0.05932873887300416
0.7,100,329,0.020829335306267405
0.7,100,330,-0.022410807833137092
0.7,100,331,0.01966284022035658
0.7,100,332,-0.018855088136187748
0.7,100,333,-0.1479964576246613
0.7,100,334,0.10640118805704357
0.7,100,335,-0.17879906330057693
0.7,100,336,-0.14473582813375696
0.7,100,337,0.04378779324223603
0.7,100,338,-0.043495705479630775
0.7,100,339,-0.24458721771835656
0.7,100,340,0.08204315525534844
0.7,100,341,-0.008349030240322408
0.7,100,342,0.11491156979346828
0.7,100,343,-0.04582753219461666
0.7,100,344,-0.3444135518242901
0.7,100,345,-0.17436442251283668
0.7,100,346,-0.04767464613835326
0.7,100,347,0.11108393211075751
0.7,100,348,-0.04332984403277784
0.7,100,349,0.02995925477239214
0.7,100,350,-0.061435193151020195
0.7,100,351,-0.006159874524052089
0.7,100,352,-0.014400480368638391
0.7,100,353,-0.034540399068988314
0.7,100,354,0.08352392638210115
0.7,100,355,0.0008392290917190737
0.7,100,356,0.015541815146188465
0.7,100,357,0.013998327026142676
0.7,100,358,0.02130349705243728
0.7,100,359,-0.27980058925623963
0.7,100,360,-0.14134847702331665
0.7,100,361,-0.03585863532476741
0.7,100,362,-0.019183522105873374
0.7,100,363,0.0563839208181286
0.7,100,364,-0.10875219871286301
0.7,100,365,-0.09339805157337144
0.7,100,366,-0.14312712312264053
0.7,100,367,-0.1042670905756724
0.7,100,368,-0.024390501288639843
0.7,100,369,-0.18002500784643893
0.7,100,370,-0.05297703129678921
0.7,100,371,-0.10652684242729427
0.7,100,372,-0.027146373670201118
0.7,100,373,-0.0514352426431246
0.7,100,374,0.011794221083928136
0.7,100,375,0.04318207462899848
0.7,100,376,0.030934315078354868
0.7,100,377,-0.05493061185409576
0.7,100,378,-0.16972665019040245
0.7,100,379,-0.03946939259753046
0.7,100,380,0.0005168715371549615
0.7,100,381,-0.027581580912153347
0.7,100,382,0.02641592007354543
0.7,100,383,0.03963336549215235
0.7,100,384,-0.016694945055102384
0.7,100,385,-0.004209422413230746
0.7,100,386,-0.30945784186922376
0.7,100,387,-0.019217447357451345
0.7,100,388,-0.03985644964397439
0.7,100,389,-0.07713348101582906
0.7,100,390,-0.14497514728645688
0.7,100,391,0.010101017374090193
0.7,100,392,-0.2032188875774965
0.7,100,393,-0.0009722611360669653
0.7,100,394,-0.10519508479511308
0.7,100,395,-0.07626258588332901
0.7,100,396,0.007010637265084552
0.7,100,397,-0.038582770557503254
0.7,100,398,-0.061433651888065155
0.7,100,399,-0.041730310055305475
0.7,100,400,0.011008516923122436
0.7,100,401,-0.1103042496850668
0.7,100,402,-0.05502144999578373
0.7,100,403,-0.009370098068649968
0.7,100,404,0.03668016255772144
0.7,100,405,-0.031155205926769458
0.7,100,406,0.0030797467081815633
0.7,100,407,-0.023333521031290827
0.7,100,408,-0.017301457266201137
0.7,100,409,-0.07135521592313454
0.7,100,410,-0.09275618053980206
0.7,100,411,-0.1404695465141601
0.7,100,412,-0.21888145577287088
0.7,100,413,0.08655407852331298
0.7,100,414,-0.00021707289701144994
0.7,100,415,0.029425446535463196
0.7,100,416,-0.05535894792995344
0.7,100,417,-0.1224194623806103
0.7,100,418,-0.06279157506021615
0.7,100,419,-0.13037269469362256
0.7,100,420,-0.039168846067892726
0.7,100,421,-0.04314282547407622
0.7,100,422,-0.06772770485054935
0.7,100,423,-0.0722039428319814
0.7,100,424,-0.23004764766746155
0.7,100,425,7.041827892273478e-05
0.7,100,426,-0.14943654167396225
0.7,100,427,-0.024885365994338438
0.7,100,428,0.023514687058803885
0.7,100,429,-0.02008441556124585
0.7,100,430,-0.0176951514375554
0.7,100,431,-0.02420098742561927
0.7,100,432,0.0947528297325323
0.7,100,433,-0.0988010249135498
0.7,100,434,0.004088730848411437
0.7,100,435,-0.17989446255803743
0.7,100,436,0.02270079471368469
0.7,100,437,-0.12062692083218907
0.7,100,438,0.07430565786458143
0.7,100,439,-0.06650458127378278
0.7,100,440,0.019236979124376163
0.7,100,441,-0.07325962899285354
0.7,100,442,-0.11538782866673847
0.7,100,443,0.07856975631486018
0.7,100,444,0.019141450841920205
0.7,100,445,-0.08793320102077695
0.7,100,446,-0.05377600914601066
0.7,100,447,0.0569064805660453
0.7,100,448,0.05465204687881464
0.7,100,449,-0.018485631317408213
0.7,100,450,0.06780720117840067
0.7,100,451,-0.025009946210946765
0.7,100,452,0.1654335146344219
0.7,100,453,0.0012950744179904827
0.7,100,454,-0.03391181039999469
0.7,100,455,0.0047808967696458815
0.7,100,456,-0.0016340136824963825
0.7,100,457,-0.03880430836525761
0.7,100,458,-0.045036021058843856
0.7,100,459,0.03953360773086623
0.7,100,460,-0.07377236940574683
0.7,100,461,-0.03405629771658525
0.7,100,462,0.0077074760479560744
0.7,100,463,-0.029502664458258554
0.7,100,464,-0.04825975345392841
0.7,100,465,-0.1431678592908754
0.7,100,466,-0.015004201586323429
0.7,100,467,-0.05230224612201373
0.7,100,468,-0.060931431055463614
0.7,100,469,-0.05956012351143025
0.7,100,470,-0.08770797640773864
0.7,100,471,-0.25758027737012235
0.7,100,472,-0.09278936514756997
0.7,100,473,-0.02811343670655897
0.7,100,474,-0.10852701140329901
0.7,100,475,0.0670554721862926
0.7,100,476,0.04958562370749231
0.7,100,477,-0.0782805320974731
0.7,100,478,0.02995386528769073
0.7,100,479,0.038180995026847686
0.7,100,480,-0.11694303907690595
0.7,100,481,-0.03713216850341361
0.7,100,482,0.06679037952471334
0.7,100,483,-0.07124912627407487
0.7,100,484,-0.0010084747443208641
0.7,100,485,0.006366944790380913
0.7,100,486,-0.10891591704765613
0.7,100,487,0.08181937876952883
0.7,100,488,-0.09079572949852466
0.7,100,489,-0.23145567032630376
0.7,100,490,0.019395476324332472
0.7,100,491,-0.008845874369989959
0.7,100,492,0.009300097467332957
0.7,100,493,-0.06060880780851119
0.7,100,494,0.00496539860842693
0.7,100,495,-0.06138125511082215
0.7,100,496,-0.05426278725475786
0.7,100,497,0.07672550931589905
0.7,100,498,0.01782790588947447
0.7,100,499,0.006536030752820499
0.7,100,500,-0.04703844004720614
0.7,100,501,-0.029018039188008382
0.7,100,502,0.04891803813989726
0.7,100,503,-0.001966744170841972
0.7,100,504,0.029034823444186286
0.7,100,505,0.04088460488281387
0.7,100,506,-0.08861263636523042
0.7,100,507,-0.17618806243238572
0.7,100,508,0.07564699604527136
0.7,100,509,-0.22192354269070824
0.7,100,510,-0.0795825369437606
0.7,100,511,0.098145422682827
0.7,100,512,0.0130772184346436
0.7,100,513,-0.21311938263833863
0.7,100,514,0.02056283238864509
0.7,100,515,-0.0019706145163496114
0.7,100,516,-0.10460071025377182
0.7,100,517,0.004551141755024135
0.7,100,518,-0.03202336862595501
0.7,100,519,0.015114031050529664
0.7,100,520,-0.06299680033581967
0.7,100,521,-0.17004359733425822
0.7,100,522,-0.0653515955430044
0.7,100,523,-0.11696734508539008
0.7,100,524,-0.09722709925329731
0.7,100,525,-0.07839988225388894
0.7,100,526,-0.12250370627569618
0.7,100,527,-0.1693451708393634
0.7,100,528,-0.10397717462955613
0.7,100,529,-0.12122666961017714
0.7,100,530,-0.006036542717142268
0.7,100,531,0.009966571135270885
0.7,100,532,-0.12165943510989119
0.7,100,533,-0.16986993161492192
0.7,100,534,-0.1346080552041531
0.7,100,535,0.011349523181462207
0.7,100,536,-0.06832795692260607
0.7,100,537,-0.13779662069534493
0.7,100,538,-0.3097975034526359
0.7,100,539,-0.13280447467043
0.7,100,540,-0.12890227566082202
0.7,100,541,0.023421420235851476
0.7,100,542,-0.03172713289305018
0.7,100,543,0.0010343656099583987
0.7,100,544,-0.0003928427589376948
0.7,100,545,-0.023393059142006623
0.7,100,546,0.06201688380136838
0.7,100,547,-0.1270365840906802
0.7,100,548,-0.1255063429514378
0.7,100,549,-0.08993332751860028
0.7,100,550,-0.2360153651458481
0.7,100,551,0.07301471688519612
0.7,100,552,0.013729113246901625
0.7,100,553,-0.11317645977823654
0.7,100,554,-0.019339640679058023
0.7,100,555,-0.01991844696363354
0.7,100,556,-0.186429344686041
0.7,100,557,0.06559263172490981
0.7,100,558,-0.020563859719960442
0.7,100,559,-0.06798280561142866
0.7,100,560,-0.00795311852771885
0.7,100,561,-0.0377818525406306
0.7,100,562,0.027753834141763578
0.7,100,563,0.09403563579886887
0.7,100,564,-0.319878736446352
0.7,100,565,0.04449633167214573
0.7,100,566,-0.05891799329169878
0.7,100,567,0.13242787259890676
0.7,100,568,-0.1856026342219128
0.7,100,569,-0.028543272688699384
0.7,100,570,0.06398703085431168
0.7,100,571,-0.09960775751149464
0.7,100,572,-0.13615751086303507
0.7,100,573,0.07233877872409422
0.7,100,574,-0.059108489827717436
0.7,100,575,-0.12704678345483322
0.7,100,576,-0.17001278661378216
0.7,100,577,-0.07729806589043586
0.7,100,578,-0.036650455047339214
0.7,100,579,0.025506112937091374
0.7,100,580,0.047093964794865495
0.7,100,581,-0.06269261345182153
0.7,100,582,-0.36856709568594925
0.7,100,583,0.11704444981463535
0.7,100,584,0.0007495671886416089
0.7,100,585,0.03638222289100412
0.7,100,586,0.07792017516846861
0.7,100,587,-0.10274693195720652
0.7,100,588,0.04898474782590623
0.7,100,589,-0.14648120240192575
0.7,100,590,0.04956271462001838
0.7,100,591,-0.048212163632484595
0.7,100,592,-0.0890551301397362
0.7,100,593,0.034331829693934335
0.7,100,594,0.0374130788987469
0.7,100,595,0.12011510110002577
0.7,100,596,0.0191522171880234
0.7,100,597,-0.05489826142801735
0.7,100,598,-0.5834966396319732
0.7,100,599,-0.05592755639062719
0.7,100,600,0.04788943707187521
0.7,100,601,-0.05827715637306552
0.7,100,602,-0.08005339735225636
0.7,100,603,0.0676177440143848
0.7,100,604,-0.03162834526547864
0.7,100,605,0.020744848521656367
0.7,100,606,-0.0031488783158775124
0.7,100,607,0.01231129921917773
0.7,100,608,0.03072668012678148
0.7,100,609,-0.11072001130355669
0.7,100,610,-0.011554960055064178
0.7,100,611,-0.04880598533316727
0.7,100,612,-0.24037472586741115
0.7,100,613,-0.009707667717991031
0.7,100,614,-0.014534377553149902
0.7,100,615,-0.024612338331669426
0.7,100,616,-0.028743322350203382
0.7,100,617,-0.05901752571880836
0.7,100,618,-0.07979657089368786
0.7,100,619,-0.034856938105051194
0.7,100,620,-0.07514297154090555
0.7,100,621,0.07339540154271085
0.7,100,622,0.03888214629901865
0.7,100,623,-0.05703226271765116
0.7,100,624,-0.046849175043913505
0.7,100,625,0.07524444387720952
0.7,100,626,0.036900126915336395
0.7,100,627,0.01978871415410033
0.7,100,628,-0.04592977263454423
0.7,100,629,0.06555892761917359
0.7,100,630,0.0018042195257708116
0.7,100,631,-0.07737187184521144
0.7,100,632,-0.14036168804577076
0.7,100,633,-0.27038018534034447
0.7,100,634,0.010926282357630934
0.7,100,635,-0.004742846693030822
0.7,100,636,-0.007696421993078184
0.7,100,637,0.022801887750954486
0.7,100,638,0.006046631779080269
0.7,100,639,0.024563083345631398
0.7,100,640,-0.09991320025570394
0.7,100,641,0.025803575244980337
0.7,100,642,-0.013948304974699122
0.7,100,643,-0.0524519756345081
0.7,100,644,0.003786653318008537
0.7,100,645,-0.04007450755510278
0.7,100,646,-0.0717857617686457
0.7,100,647,-0.07404530295814737
0.7,100,648,-0.04109350828553171
0.7,100,649,-0.05590053652170157
0.7,100,650,-0.12801868085690438
0.7,100,651,-0.05040802783257492
0.7,100,652,-0.022179077284181226
0.7,100,653,-0.1231309332813606
0.7,100,654,-0.07558347741553328
0.7,100,655,-0.09975558700519915
0.7,100,656,-0.04267347961565382
0.7,100,657,-0.031887250249702515
0.7,100,658,-0.07849063605464379
0.7,100,659,-0.04653048080931965
0.7,100,660,-0.007124622774833611
0.7,100,661,-0.1614482599114495
0.7,100,662,0.07320942302481659
0.7,100,663,-0.06786466302195726
0.7,100,664,0.014794394839750202
0.7,100,665,0.022679910181203744
0.7,100,666,0.0407140672653622
0.7,100,667,0.023378679091777266
0.7,100,668,-0.03419686269293343
0.7,100,669,-0.08428613117869843
0.7,100,670,-0.09912370638927048
0.7,100,671,-0.08992545842544386
0.7,100,672,-0.032063985234872305
0.7,100,673,-0.05353407150376377
0.7,100,674,-0.016265660517447378
0.7,100,675,-0.18732908788646485
0.7,100,676,-0.009841730217777345
0.7,100,677,-0.13163851973576857
0.7,100,678,-0.04783978514132592
0.7,100,679,-0.03455282362314005
0.7,100,680,-0.09679853088625423
0.7,100,681,-0.06149208427518582
0.7,100,682,-0.12249465279797866
0.7,100,683,-0.5203758798465521
0.7,100,684,-0.03988148797625635
0.7,100,685,-0.03323292815712531
0.7,100,686,-0.05203184126023985
0.7,100,687,-0.026940374535835865
0.7,100,688,0.00819666766260152
0.7,100,689,-0.14544657740563416
0.7,100,690,-0.0332906931034298
0.7,100,691,-0.16133282666986992
0.7,100,692,0.06443100779899713
0.7,100,693,0.050152126815510845
0.7,100,694,-0.04795701648203221
0.7,100,695,-0.006032686932645914
0.7,100,696,0.026374690041445215
0.7,100,697,-0.0728594268724061
0.7,100,698,-0.054731943725371934
0.7,100,699,0.007009980037635977
0.7,100,700,0.02539411919901502
0.7,100,701,-0.08593996378327184
0.7,100,702,0.04867019463894673
0.7,100,703,0.00017367024977410495
0.7,100,704,-0.061639368042313736
0.7,100,705,0.006608573680746965
0.7,100,706,-0.03474414716205154
0.7,100,707,0.02410971533247186
0.7,100,708,0.015298024666545285
0.7,100,709,-0.13959264948106131
0.7,100,710,0.039735723496384656
0.7,100,711,0.12958147803410713
0.7,100,712,-0.00672520247648789
0.7,100,713,0.12781368400241544
0.7,100,714,-0.03818459745683711
0.7,100,715,-0.13061135057188178
0.7,100,716,-0.01331544996512446
0.7,100,717,-0.11610059233192738
0.7,100,718,-0.0917899665243247
0.7,100,719,-0.07388350589737991
0.7,100,720,0.08270246934602221
0.7,100,721,-0.07757406820632462
0.7,100,722,-0.13184453246616878
0.7,100,723,0.1445852326290722
0.7,100,724,-0.0629168754722016
0.7,100,725,-0.0910002840746662
0.7,100,726,-0.06974961834450477
0.7,100,727,-0.06778039514507173
0.7,100,728,-0.13747996550377284
0.7,100,729,-0.07909030293716102
0.7,100,730,-0.025273794916410353
0.7,100,731,-0.06307439685269167
0.7,100,732,0.006568138627590647
0.7,100,733,-0.028387285303437038
0.7,100,734,-0.023336511491712564
0.7,100,735,-0.12732683560850067
0.7,100,736,-0.15971984538200412
0.7,100,737,-0.296442978842824
0.7,100,738,-0.01158541116307199
0.7,100,739,-0.04902614500440716
0.7,100,740,0.032462374276591044
0.7,100,741,-0.3033979350508913
0.7,100,742,0.002046650945069617
0.7,100,743,-0.03754583365326658
0.7,100,744,-0.06732632420575646
0.7,100,745,-0.093479464812249
0.7,100,746,0.04516713191721289
0.7,100,747,-0.04340812658933335
0.7,100,748,-0.07496038955839168
0.7,100,749,0.01082122257026652
0.7,100,750,0.0328414216244044
0.7,100,751,-0.10036413660524679
0.7,100,752,-0.17045890390568963
0.7,100,753,-0.32228126285034975
0.7,100,754,-0.00921639254608575
0.7,100,755,-0.032387747468232586
0.7,100,756,0.028287723906352702
0.7,100,757,-0.11909572396630352
0.7,100,758,-0.019733049572685957
0.7,100,759,0.01459727089117191
0.7,100,760,-0.1052060106341961
0.7,100,761,0.004969557823746529
0.7,100,762,0.06464737688685263
0.7,100,763,-0.03369632806626588
0.7,100,764,-0.05856433505282199
0.7,100,765,0.011686822639490058
0.7,100,766,0.1181678069904668
0.7,100,767,0.05635076981438625
0.7,100,768,-0.033844656418403174
0.7,100,769,-0.006848628816316316
0.7,100,770,-0.043812223390475635
0.7,100,771,-0.32756437394569504
0.7,100,772,-0.04264838737234289
0.7,100,773,0.038310367341120255
0.7,100,774,-0.035043853967450245
0.7,100,775,0.049297679069082
0.7,100,776,-0.055422373600045205
0.7,100,777,-0.0749350404156115
0.7,100,778,-0.02027379160258702
0.7,100,779,-0.061140766837705085
0.7,100,780,-0.07051680491074541
0.7,100,781,0.002614299895050687
0.7,100,782,0.04645297635850931
0.7,100,783,-0.014396766894679613
0.7,100,784,0.04409890464677946
0.7,100,785,0.02290840255630877
0.7,100,786,0.040783869008899076
0.7,100,787,-0.07397656357590487
0.7,100,788,-0.06673834611565876
0.7,100,789,-0.17361898805138587
0.7,100,790,-0.12087949845045065
0.7,100,791,-0.06441907934819757
0.7,100,792,-0.034878321615209984
0.7,100,793,0.033133737646440786
0.7,100,794,0.07297136653686687
0.7,100,795,-0.041563454235215236
0.7,100,796,0.09601694084990142
0.7,100,797,0.045125099370185606
0.7,100,798,0.06864816506102933
0.7,100,799,-0.023650327412480188
0.7,100,800,0.028575972235073577
0.7,100,801,-0.06231816764530107
0.7,100,802,-0.003545886789064312
0.7,100,803,-0.016770529817464075
0.7,100,804,-0.04720460055231124
0.7,100,805,0.02064372912188217
0.7,100,806,0.025052194026854546
0.7,100,807,0.0030508581101166277
0.7,100,808,-0.06547804954641223
0.7,100,809,-0.02302080554821928
0.7,100,810,-0.039757879446886246
0.7,100,811,0.03639588214466183
0.7,100,812,0.030409111607714978
0.7,100,813,0.029303786125401077
0.7,100,814,0.017599097363047655
0.7,100,815,-0.06658942535749257
0.7,100,816,-0.0563378367377243
0.7,100,817,0.01858321704913668
0.7,100,818,0.09312330355710374
0.7,100,819,-0.4873031570878048
0.7,100,820,-0.15163330003256292
0.7,100,821,0.055595245490693945
0.7,100,822,0.008115340194007059
0.7,100,823,-0.05802586521498343
0.7,100,824,-0.1631838830860033
0.7,100,825,0.011620190896191929
0.7,100,826,0.08298986598520475
0.7,100,827,-0.08240967769285579
0.7,100,828,-0.07059601687941397
0.7,100,829,-0.03898880149717732
0.7,100,830,-0.004152572867379911
0.7,100,831,0.09046810390093518
0.7,100,832,-0.01481202681527427
0.7,100,833,-0.0013638156511377453
0.7,100,834,0.004719611881174868
0.7,100,835,-0.1964860702030955
0.7,100,836,-0.12046360672238343
0.7,100,837,0.0016399532542753503
0.7,100,838,-0.037963819777383945
0.7,100,839,0.034762995294648436
0.7,100,840,0.07646385258660882
0.7,100,841,-0.18831392076369857
0.7,100,842,-0.07605851698508137
0.7,100,843,-0.13186823596236663
0.7,100,844,0.020981393327165643
0.7,100,845,-0.035154608094827955
0.7,100,846,-0.036002942090042955
0.7,100,847,-0.03130243835689228
0.7,100,848,-0.032853327631341855
0.7,100,849,0.05106766412751085
0.7,100,850,-0.16915809063859855
0.7,100,851,0.08462724106811725
0.7,100,852,-0.13273101942679943
0.7,100,853,-0.06774623236869437
0.7,100,854,0.015564841720667522
0.7,100,855,-0.1550937443114888
0.7,100,856,0.03254557068807673
0.7,100,857,0.03621273748957221
0.7,100,858,0.002334272817601346
0.7,100,859,0.059812211545083316
0.7,100,860,-0.15820247683947253
0.7,100,861,-0.01119176104259001
0.7,100,862,0.06548475243133911
0.7,100,863,-0.03734361984500967
0.7,100,864,0.01352982299216221
0.7,100,865,-0.0969328626853676
0.7,100,866,0.005957229272612441
0.7,100,867,-0.11605911906693267
0.7,100,868,-0.010696490835854
0.7,100,869,-0.04957338248088794
0.7,100,870,-0.004354484638042777
0.7,100,871,-0.051082688458011116
0.7,100,872,-0.0834023420121004
0.7,100,873,-0.06669613915210992
0.7,100,874,0.034543730113205995
0.7,100,875,-0.0316173470755754
0.7,100,876,-0.011080455692902946
0.7,100,877,-0.05980784295523156
0.7,100,878,-0.02666374930871651
0.7,100,879,0.06782113240458976
0.7,100,880,0.0009570703004745384
0.7,100,881,0.03939458682129948
0.7,100,882,-0.09430486859396403
0.7,100,883,-0.029445957962363822
0.7,100,884,0.032689093999144436
0.7,100,885,-0.17126682193201348
0.7,100,886,0.006832982659145004
0.7,100,887,-0.22177080827821416
0.7,100,888,0.018252263702027816
0.7,100,889,0.006280754855273463
0.7,100,890,-0.027235232090928374
0.7,100,891,-0.17411675020606387
0.7,100,892,-0.15699870093373813
0.7,100,893,-0.09249315189239837
0.7,100,894,0.04253624101063891
0.7,100,895,-0.18103141589556526
0.7,100,896,-0.04070031092954607
0.7,100,897,-0.04186777154567256
0.7,100,898,-0.07094001782342185
0.7,100,899,0.036728677250327246
0.7,100,900,-0.017329980524399602
0.7,100,901,0.08386644565433943
0.7,100,902,-0.0012781978616487333
0.7,100,903,0.017668384067575205
0.7,100,904,0.0012049504472400052
0.7,100,905,0.0910574586370324
0.7,100,906,-0.09266772835280457
0.7,100,907,-0.06828207821769028
0.7,100,908,-0.05956195845307599
0.7,100,909,0.11432681879116946
0.7,100,910,0.0076082582125052145
0.7,100,911,0.033811349023270654
0.7,100,912,0.0011613586456148406
0.7,100,913,0.0019238434579765817
0.7,100,914,-0.09403688398261068
0.7,100,915,0.07839070790180147
0.7,100,916,-0.050380044263030666
0.7,100,917,0.06451068715838493
0.7,100,918,-0.041281437924637565
0.7,100,919,-0.003235028230074377
0.7,100,920,0.05910421694149681
0.7,100,921,0.008453681688402659
0.7,100,922,-0.20789213508189608
0.7,100,923,-0.2295914895539226
0.7,100,924,-0.1799694937793992
0.7,100,925,0.0153097831337482
0.7,100,926,0.10002288660568892
0.7,100,927,0.025657689907594983
0.7,100,928,-0.024563881149159528
0.7,100,929,-0.03407131054330059
0.7,100,930,-0.020548779863281075
0.7,100,931,-0.06214104402185838
0.7,100,932,-0.10364230207428071
0.7,100,933,-0.054334647217705534
0.7,100,934,-0.15583715433840428
0.7,100,935,-0.04740218022492049
0.7,100,936,-0.3604273627001635
0.7,100,937,-0.00945929277062696
0.7,100,938,-0.15717802382745294
0.7,100,939,-0.03952148988269566
0.7,100,940,0.0111336963587223
0.7,100,941,0.0012505385129656377
0.7,100,942,-0.07015789200028588
0.7,100,943,-0.1724067199502577
0.7,100,944,0.08240166599696841
0.7,100,945,-0.09456466650100803
0.7,100,946,-0.1188098551106922
0.7,100,947,-0.10550756130180794
0.7,100,948,-0.08950641209982946
0.7,100,949,0.06120568751476019
0.7,100,950,-0.04678787913260041
0.7,100,951,0.005761114044145366
0.7,100,952,-0.02245403693029102
0.7,100,953,-0.030786645389140777
0.7,100,954,0.016020021196446854
0.7,100,955,0.1358868138090329
0.7,100,956,-0.23624495019272618
0.7,100,957,-0.10280929322567345
0.7,100,958,-0.04498656039161597
0.7,100,959,0.05555054841107743
0.7,100,960,-0.053767265495830996
0.7,100,961,-0.08105707021071873
0.7,100,962,-0.046092527943040196
0.7,100,963,0.002832557140724834
0.7,100,964,0.002794773501801684
0.7,100,965,0.054896047921991875
0.7,100,966,0.0041836614729544586
0.7,100,967,0.004673757926829891
0.7,100,968,0.019609716443401815
0.7,100,969,-0.03235951684488336
0.7,100,970,0.08779675149840627
0.7,100,971,-0.1490038215509233
0.7,100,972,-0.1429002582521448
0.7,100,973,-0.021103370749684824
0.7,100,974,-0.035781568850445256
0.7,100,975,-0.04999192826489618
0.7,100,976,0.014523896005312564
0.7,100,977,-0.24118541586824427
0.7,100,978,0.019213447625759494
0.7,100,979,0.01541472178988601
0.7,100,980,0.051977423043452764
0.7,100,981,0.021095941184004596
0.7,100,982,0.1094594599563119
0.7,100,983,-0.1318997677982987
0.7,100,984,0.03277804196778511
0.7,100,985,-0.008238685678006785
0.7,100,986,-0.05114662616030685
0.7,100,987,-0.16391436259466796
0.7,100,988,0.0449345435363363
0.7,100,989,0.0361204958777932
0.7,100,990,-0.055012851212681735
0.7,100,991,-0.013923686491146725
0.7,100,992,0.00041299258011417983
0.7,100,993,-0.030503560864333812
0.7,100,994,-0.015895339928428065
0.7,100,995,-0.041215536761783245
0.7,100,996,-0.06379161919835075
0.7,100,997,-0.01947332244364408
0.7,100,998,-0.028404185008904737
0.7,100,999,-0.04573848373652911
0.7,hw_matched,0,-0.07403133377288351
0.7,hw_matched,1,-0.06300168120835181
0.7,hw_matched,2,-0.13692327132298932
0.7,hw_matched,3,0.0660458452939775
0.7,hw_matched,4,-0.03007330276108222
0.7,hw_matched,5,-0.07479621818202387
0.7,hw_matched,6,-0.0045532810288611
0.7,hw_matched,7,0.08995784680209729
0.7,hw_matched,8,-0.17358307064285228
0.7,hw_matched,9,-0.015142948582197002
0.7,hw_matched,10,-0.011883613923945102
0.7,hw_matched,11,-0.031142239849465403
0.7,hw_matched,12,-0.0008781272132263318
0.7,hw_matched,13,-0.04589845999142339
0.7,hw_matched,14,-0.12338848507293743
0.7,hw_matched,15,-0.017942250210675414
0.7,hw_matched,16,-0.0672049041604923
0.7,hw_matched,17,0.043214079293179
0.7,hw_matched,18,-0.0941204229442274
0.7,hw_matched,19,0.027460039706305173
0.7,hw_matched,20,-0.06589461143901687
0.7,hw_matched,21,-0.13148915697912766
0.7,hw_matched,22,-0.0739589332178967
0.7,hw_matched,23,0.05526876579741746
0.7,hw_matched,24,-0.17768367166359722
0.7,hw_matched,25,-0.13847837225841886
0.7,hw_matched,26,0.04068277160896039
0.7,hw_matched,27,0.07139200504295551
0.7,hw_matched,28,-0.11222075429778777
0.7,hw_matched,29,-0.041292359941024426
0.7,hw_matched,30,-0.010370752207223166
0.7,hw_matched,31,-0.09205400313297374
0.7,hw_matched,32,-0.17041262124797796
0.7,hw_matched,33,0.002951888747786402
0.7,hw_matched,34,-0.07059272246683479
0.7,hw_matched,35,0.11438198403695199
0.7,hw_matched,36,-0.08511517998373463
0.7,hw_matched,37,-0.017057827223171396
0.7,hw_matched,38,-0.06206621844813487
0.7,hw_matched,39,-0.0028377022710777133
0.7,hw_matched,40,0.09055102473940879
0.7,hw_matched,41,-0.11785650560014216
0.7,hw_matched,42,-0.06036943141641937
0.7,hw_matched,43,0.04946038352157034
0.7,hw_matched,44,-0.07020704579608017
0.7,hw_matched,45,0.029873308147711608
0.7,hw_matched,46,-0.014068354709421804
0.7,hw_matched,47,0.036501365843384814
0.7,hw_matched,48,0.0035657221203061473
0.7,hw_matched,49,0.036572206566764076
0.7,hw_matched,50,-0.07513562398002027
0.7,hw_matched,51,-0.0215779109555867
0.7,hw_matched,52,-0.11250799073188511
0.7,hw_matched,53,0.1333831928976068
0.7,hw_matched,54,-0.09475885641272064
0.7,hw_matched,55,-0.41054806809675704
0.7,hw_matched,56,-0.015109491048791668
0.7,hw_matched,57,-0.04185949428524394
0.7,hw_matched,58,0.04751374995579405
0.7,hw_matched,59,-0.011090208786817435
0.7,hw_matched,60,0.020282126018521862
0.7,hw_matched,61,-0.02058783572346634
0.7,hw_matched,62,-0.07625200796864307
0.7,hw_matched,63,-0.030561815179386054
0.7,hw_matched,64,-0.2489375685211177
0.7,hw_matched,65,0.050925098148804415
0.7,hw_matched,66,-0.0050862523816317395
0.7,hw_matched,67,0.07784995834691821
0.7,hw_matched,68,-0.10712609828539765
0.7,hw_matched,69,-0.10977129935313257
0.7,hw_matched,70,-0.2230457073435177
0.7,hw_matched,71,0.02654274059743389
0.7,hw_matched,72,-0.03805756953179862
0.7,hw_matched,73,-0.12035641792311336
0.7,hw_matched,74,-0.20652835960832872
0.7,hw_matched,75,0.031439550161572516
0.7,hw_matched,76,-0.41576500779156533
0.7,hw_matched,77,0.020333688119718807
0.7,hw_matched,78,-0.0011839509554063543
0.7,hw_matched,79,-0.03214999156818288
0.7,hw_matched,80,0.021885522684294223
0.7,hw_matched,81,0.040720343336881126
0.7,hw_matched,82,0.011786872075129629
0.7,hw_matched,83,0.005258070865787778
0.7,hw_matched,84,-0.3397466933430653
0.7,hw_matched,85,0.03846599023794828
0.7,hw_matched,86,0.0010722881205742496
0.7,hw_matched,87,-0.00038626309305356266
0.7,hw_matched,88,0.12536462611608445
0.7,hw_matched,89,-0.07097716788890929
0.7,hw_matched,90,0.1107155460243312
0.7,hw_matched,91,0.04538426582605881
0.7,hw_matched,92,-0.07111358392425249
0.7,hw_matched,93,-0.05107044967109231
0.7,hw_matched,94,-0.06495300928963599
0.7,hw_matched,95,-0.09827816993801841
0.7,hw_matched,96,-0.038894639063677294
0.7,hw_matched,97,0.09332535019093047
0.7,hw_matched,98,-0.05906001001663008
0.7,hw_matched,99,0.09735896630564123
0.7,hw_matched,100,-0.06487640536557038
0.7,hw_matched,101,-0.11608496560785886
0.7,hw_matched,102,-0.14193899271271948
0.7,hw_matched,103,-0.03257269862109635
0.7,hw_matched,104,-0.12847587555783258
0.7,hw_matched,105,-0.11318888408503214
0.7,hw_matched,106,-0.03888848821959101
0.7,hw_matched,107,-0.137342654337554
0.7,hw_matched,108,-0.07581259226950787
0.7,hw_matched,109,-0.00047521429236452306
0.7,hw_matched,110,0.009325926248779703
0.7,hw_matched,111,-0.03985862665340312
0.7,hw_matched,112,-0.14973450567882574
0.7,hw_matched,113,0.006378443559682978
0.7,hw_matched,114,0.05262398013367131
0.7,hw_matched,115,-0.009442504223457826
0.7,hw_matched,116,-0.02313655979172924
0.7,hw_matched,117,-0.025434687211922435
0.7,hw_matched,118,0.026049144501353094
0.7,hw_matched,119,-0.1391152606988837
0.7,hw_matched,120,-0.47077854234094874
0.7,hw_matched,121,-0.024432788993192123
0.7,hw_matched,122,0.051501427910011666
0.7,hw_matched,123,-0.1755227031780966
0.7,hw_matched,124,-0.05676992391544888
0.7,hw_matched,125,-0.03939173951387187
0.7,hw_matched,126,-0.12946403644220927
0.7,hw_matched,127,0.049092747409536175
0.7,hw_matched,128,-0.0773403838855331
0.7,hw_matched,129,-0.140561911697912
0.7,hw_matched,130,-0.16260027472186445
0.7,hw_matched,131,0.01855687500530101
0.7,hw_matched,132,0.03916405240123766
0.7,hw_matched,133,-0.09328513436536756
0.7,hw_matched,134,-0.009150725596119846
0.7,hw_matched,135,-0.09116980751139803
0.7,hw_matched,136,-0.07115302073208918
0.7,hw_matched,137,-0.07929510922350436
0.7,hw_matched,138,0.040546909420947186
0.7,hw_matched,139,-0.07229788275393556
0.7,hw_matched,140,-0.03150489378233856
0.7,hw_matched,141,0.05994240695216846
0.7,hw_matched,142,0.09841772779450775
0.7,hw_matched,143,0.05458615242628351
0.7,hw_matched,144,-0.04987727871539871
0.7,hw_matched,145,0.03411946453987291
0.7,hw_matched,146,0.07300196136969905
0.7,hw_matched,147,-0.01845819059429843
0.7,hw_matched,148,0.024390815559323653
0.7,hw_matched,149,-0.07113776024498186
0.7,hw_matched,150,-0.3435233738202923
0.7,hw_matched,151,0.011432610044447289
0.7,hw_matched,152,0.07421102795154455
0.7,hw_matched,153,0.0021730281756884295
0.7,hw_matched,154,0.03484663051605619
0.7,hw_matched,155,-0.13457277224101416
0.7,hw_matched,156,-0.1163966312266973
0.7,hw_matched,157,-0.007501624823332609
0.7,hw_matched,158,0.03348034607529937
0.7,hw_matched,159,-0.15225614770068874
0.7,hw_matched,160,0.08391519805629655
0.7,hw_matched,161,-0.050814803634863015
0.7,hw_matched,162,-0.05483700471910069
0.7,hw_matched,163,0.04644310246107142
0.7,hw_matched,164,-0.027211398480523785
0.7,hw_matched,165,-0.04821600751125188
0.7,hw_matched,166,0.023771603928107066
0.7,hw_matched,167,0.03238533652118947
0.7,hw_matched,168,0.0050824722561142455
0.7,hw_matched,169,-0.15268200666597864
0.7,hw_matched,170,0.02401731483314895
0.7,hw_matched,171,-0.008372758699329408
0.7,hw_matched,172,-0.10831025756685708
0.7,hw_matched,173,0.005056828235331601
0.7,hw_matched,174,-0.2947202692495332
0.7,hw_matched,175,-0.012903191804260361
0.7,hw_matched,176,-0.3345920455496967
0.7,hw_matched,177,0.059815259697078016
0.7,hw_matched,178,-0.03648150063703648
0.7,hw_matched,179,-0.11353928874378072
0.7,hw_matched,180,0.01088564082748511
0.7,hw_matched,181,-0.03389847003450863
0.7,hw_matched,182,-0.06571716526058657
0.7,hw_matched,183,0.06505796413278031
0.7,hw_matched,184,0.02700156276834198
0.7,hw_matched,185,-0.1203905768030844
0.7,hw_matched,186,0.040113985630816806
0.7,hw_matched,187,-0.025466521207825554
0.7,hw_matched,188,-0.014205885616596747
0.7,hw_matched,189,-0.0016809973412681423
0.7,hw_matched,190,0.07950029257732016
0.7,hw_matched,191,-0.017075628276202348
0.7,hw_matched,192,-0.09538192632310238
0.7,hw_matched,193,-0.08919771895968753
0.7,hw_matched,194,-0.13681745854518823
0.7,hw_matched,195,-0.02823702433675379
0.7,hw_matched,196,0.012020212784498496
0.7,hw_matched,197,0.010083950951894849
0.7,hw_matched,198,-0.017580200405583613
0.7,hw_matched,199,-0.05619877961502806
0.7,hw_matched,200,0.08126958197562739
0.7,hw_matched,201,-0.42340494437381326
0.7,hw_matched,202,0.04532372009909269
0.7,hw_matched,203,-0.0013952325268362653
0.7,hw_matched,204,-0.00114572598175533
0.7,hw_matched,205,0.03198220687820752
0.7,hw_matched,206,-0.09962892628879083
0.7,hw_matched,207,-0.03536188323790124
0.7,hw_matched,208,-0.05083143147817282
0.7,hw_matched,209,-0.09583986455898352
0.7,hw_matched,210,0.009828600116396302
0.7,hw_matched,211,-0.07649465896704566
0.7,hw_matched,212,0.13897384527677925
0.7,hw_matched,213,0.07432007569786359
0.7,hw_matched,214,-0.109138527980428
0.7,hw_matched,215,-0.0717617334854812
0.7,hw_matched,216,-0.026065686501375307
0.7,hw_matched,217,0.14918412529918224
0.7,hw_matched,218,0.020921429342916742
0.7,hw_matched,219,-0.031107116042684124
0.7,hw_matched,220,0.016378183562038462
0.7,hw_matched,221,0.07056495028730259
0.7,hw_matched,222,0.009475242880736312
0.7,hw_matched,223,0.05620102070414024
0.7,hw_matched,224,0.008809893642847677
0.7,hw_matched,225,-0.12460554902387333
0.7,hw_matched,226,-0.030550908078464056
0.7,hw_matched,227,-0.08008373185401552
0.7,hw_matched,228,0.042144971469088244
0.7,hw_matched,229,0.08825425425799227
0.7,hw_matched,230,0.04424243889225021
0.7,hw_matched,231,-0.14025104239806474
0.7,hw_matched,232,0.12511951309336922
0.7,hw_matched,233,-0.007732420899653425
0.7,hw_matched,234,-0.09513460485104863
0.7,hw_matched,235,0.001008934595805977
0.7,hw_matched,236,-0.04468995081432503
0.7,hw_matched,237,0.062417138409283646
0.7,hw_matched,238,-0.10081779102366561
0.7,hw_matched,239,-0.022162520036238753
0.7,hw_matched,240,-0.12212084818817015
0.7,hw_matched,241,-0.0240637504080794
0.7,hw_matched,242,-0.05123114425755171
0.7,hw_matched,243,-0.03388143060670612
0.7,hw_matched,244,-0.042268105622502494
0.7,hw_matched,245,-0.10389207880320162
0.7,hw_matched,246,-0.12376527949952743
0.7,hw_matched,247,-0.13560548149537577
0.7,hw_matched,248,-0.0423411170746506
0.7,hw_matched,249,0.05090303410303565
0.7,hw_matched,250,-0.03089153703486547
0.7,hw_matched,251,-0.02338421945668756
0.7,hw_matched,252,-0.11838189113293107
0.7,hw_matched,253,0.026380316308582064
0.7,hw_matched,254,-0.011262751780565461
0.7,hw_matched,255,-0.04696840405173108
0.7,hw_matched,256,-0.04486272885899045
0.7,hw_matched,257,-0.10630681905596462
0.7,hw_matched,258,-0.1145423938613066
0.7,hw_matched,259,0.029304258201716338
0.7,hw_matched,260,0.01170842045155096
0.7,hw_matched,261,0.042326422154399634
0.7,hw_matched,262,-0.05401232455390881
0.7,hw_matched,263,0.049637378894751394
0.7,hw_matched,264,-0.017621485972765694
0.7,hw_matched,265,-0.13200696762293407
0.7,hw_matched,266,-0.0075811111890018434
0.7,hw_matched,267,0.10564961980705878
0.7,hw_matched,268,-0.160315517419368
0.7,hw_matched,269,0.10212091600684803
0.7,hw_matched,270,0.044280972936455054
0.7,hw_matched,271,0.13615726981144216
0.7,hw_matched,272,-0.011592010897308658
0.7,hw_matched,273,0.0201838252969736
0.7,hw_matched,274,0.04958608133230169
0.7,hw_matched,275,0.04779053190910798
0.7,hw_matched,276,-0.029073375063116913
0.7,hw_matched,277,0.07149695040261461
0.7,hw_matched,278,-0.028728706229145917
0.7,hw_matched,279,-0.10579580252868803
0.7,hw_matched,280,-0.04615621671095571
0.7,hw_matched,281,-0.17992854041873296
0.7,hw_matched,282,0.07850632944541791
0.7,hw_matched,283,0.005091539767836717
0.7,hw_matched,284,0.022654022100151328
0.7,hw_matched,285,-0.07532165281498715
0.7,hw_matched,286,-0.1134133206156589
0.7,hw_matched,287,-0.007474914635858587
0.7,hw_matched,288,0.007509512668150475
0.7,hw_matched,289,-0.03802278538306103
0.7,hw_matched,290,-0.1544525660597562
0.7,hw_matched,291,-0.047223660413094226
0.7,hw_matched,292,0.05323515963485126
0.7,hw_matched,293,-0.18125464864271268
0.7,hw_matched,294,-0.34625364276195936
0.7,hw_matched,295,-0.046345196249810705
0.7,hw_matched,296,-0.02351962803659924
0.7,hw_matched,297,0.026628041888539178
0.7,hw_matched,298,0.05764273296596978
0.7,hw_matched,299,0.0005095073620661195
0.7,hw_matched,300,0.07565858749173138
0.7,hw_matched,301,-0.22162913655697514
0.7,hw_matched,302,-0.02212147869299841
0.7,hw_matched,303,-0.16087917315571354
0.7,hw_matched,304,0.0725822127457404
0.7,hw_matched,305,-0.05015131787620719
0.7,hw_matched,306,-0.017397694377214723
0.7,hw_matched,307,-0.035186726972878946
0.7,hw_matched,308,0.005682658711955835
0.7,hw_matched,309,0.01464107782729529
0.7,hw_matched,310,-0.24624368504304028
0.7,hw_matched,311,-0.2372760432980181
0.7,hw_matched,312,0.016329455970803042
0.7,hw_matched,313,0.0638138509216456
0.7,hw_matched,314,-0.06182272881134532
0.7,hw_matched,315,-0.2396071155973054
0.7,hw_matched,316,0.055472191379553726
0.7,hw_matched,317,-0.043423316623785846
0.7,hw_matched,318,0.06642570294534011
0.7,hw_matched,319,0.015941540433961676
0.7,hw_matched,320,-0.04675713311966678
0.7,hw_matched,321,0.06399120316036633
0.7,hw_matched,322,-0.09145069696219377
0.7,hw_matched,323,-0.12352943999916466
0.7,hw_matched,324,-0.014645658228613634
0.7,hw_matched,325,0.08058590957519196
0.7,hw_matched,326,-0.15089688664755307
0.7,hw_matched,327,0.03896015122570795
0.7,hw_matched,328,-0.014739139740391094
0.7,hw_matched,329,-0.017079761086363776
0.7,hw_matched,330,0.049858815792690026
0.7,hw_matched,331,0.03327658609007755
0.7,hw_matched,332,-0.06211739686532769
0.7,hw_matched,333,-0.04115836887025748
0.7,hw_matched,334,-0.15552823458327758
0.7,hw_matched,335,-0.0040897484262529815
0.7,hw_matched,336,0.004735185570975298
0.7,hw_matched,337,-0.04209486731254164
0.7,hw_matched,338,-0.14885690137117757
0.7,hw_matched,339,0.03009288189173498
0.7,hw_matched,340,0.003208076761023526
0.7,hw_matched,341,0.048778431589363125
0.7,hw_matched,342,0.03060330087754415
0.7,hw_matched,343,-0.13658236185126094
0.7,hw_matched,344,-0.2737599436583922
0.7,hw_matched,345,-0.02624027517314187
0.7,hw_matched,346,0.0391338470028767
0.7,hw_matched,347,0.05590844747178325
0.7,hw_matched,348,-0.0609107640158868
0.7,hw_matched,349,-0.020234720237167325
0.7,hw_matched,350,0.17661343420019304
0.7,hw_matched,351,-0.06668245742483014
0.7,hw_matched,352,-0.10292864007587887
0.7,hw_matched,353,-0.02477384834973262
0.7,hw_matched,354,-0.05412869410464216
0.7,hw_matched,355,-0.0009937458370981034
0.7,hw_matched,356,-0.2152254739823749
0.7,hw_matched,357,0.07256361445041926
0.7,hw_matched,358,0.01326964970742539
0.7,hw_matched,359,0.05944803376888519
0.7,hw_matched,360,-0.03382947780607082
0.7,hw_matched,361,-0.39977677941474665
0.7,hw_matched,362,-0.14762042115662277
0.7,hw_matched,363,-0.0672712654246419
0.7,hw_matched,364,0.09642259146688059
0.7,hw_matched,365,-0.028318667410772047
0.7,hw_matched,366,-0.0469139037950721
0.7,hw_matched,367,-0.025096897186813072
0.7,hw_matched,368,-0.029780787906989792
0.7,hw_matched,369,-0.11817824782692998
0.7,hw_matched,370,-0.05182315117493341
0.7,hw_matched,371,-0.1074622294506209
0.7,hw_matched,372,-0.1491489492542084
0.7,hw_matched,373,-0.06002763569412051
0.7,hw_matched,374,-0.04275376042806056
0.7,hw_matched,375,-0.04078017126824163
0.7,hw_matched,376,-0.22356080052044058
0.7,hw_matched,377,0.02197146277132389
0.7,hw_matched,378,-0.11087899117441835
0.7,hw_matched,379,-0.10184684068410421
0.7,hw_matched,380,-0.0886385903166611
0.7,hw_matched,381,-0.008035407307610098
0.7,hw_matched,382,-0.10638080065911915
0.7,hw_matched,383,0.03203902950147275
0.7,hw_matched,384,-0.10614611559058384
0.7,hw_matched,385,0.04488164937187045
0.7,hw_matched,386,0.11848892202898065
0.7,hw_matched,387,0.002527857300631209
0.7,hw_matched,388,-0.4393230878453358
0.7,hw_matched,389,0.0026762720208439728
0.7,hw_matched,390,-0.03685665610837052
0.7,hw_matched,391,-0.34310275407195867
0.7,hw_matched,392,-0.037218067938679766
0.7,hw_matched,393,-0.08897358052686966
0.7,hw_matched,394,-0.12081503519442371
0.7,hw_matched,395,0.04281873231143507
0.7,hw_matched,396,-0.016566709080371167
0.7,hw_matched,397,-0.20677664239987248
0.7,hw_matched,398,-0.13200537760572417
0.7,hw_matched,399,0.005463954282306838
0.7,hw_matched,400,-0.03636794841941593
0.7,hw_matched,401,-0.05744254583191122
0.7,hw_matched,402,-0.17302647811644856
0.7,hw_matched,403,-0.01779943445757226
0.7,hw_matched,404,-0.048226362472326256
0.7,hw_matched,405,-0.00045939061903266243
0.7,hw_matched,406,-0.00855959700514175
0.7,hw_matched,407,-0.06627994068183107
0.7,hw_matched,408,0.01395869117840054
0.7,hw_matched,409,-0.10481121916062941
0.7,hw_matched,410,-0.08171500403374043
0.7,hw_matched,411,-0.0890393541993102
0.7,hw_matched,412,-0.15534783856147616
0.7,hw_matched,413,0.033375087691690286
0.7,hw_matched,414,-0.06627537520321636
0.7,hw_matched,415,-0.07564925960993696
0.7,hw_matched,416,0.0527705478712901
0.7,hw_matched,417,-0.058086777177057014
0.7,hw_matched,418,0.022270425232640112
0.7,hw_matched,419,0.03738849656163912
0.7,hw_matched,420,-0.022581413170233766
0.7,hw_matched,421,-0.08078678448215482
0.7,hw_matched,422,0.020905999036860967
0.7,hw_matched,423,0.1074397794831855
0.7,hw_matched,424,0.09253951668148863
0.7,hw_matched,425,-0.0462108941153323
0.7,hw_matched,426,-0.6998611899922833
0.7,hw_matched,427,0.12395246989364439
0.7,hw_matched,428,0.08275096575069951
0.7,hw_matched,429,-0.04104307612820279
0.7,hw_matched,430,0.04799219809837263
0.7,hw_matched,431,-0.0820009864385638
0.7,hw_matched,432,-0.015237873696371862
0.7,hw_matched,433,-0.2980586782676964
0.7,hw_matched,434,-0.07161229383268153
0.7,hw_matched,435,-0.08603523374473032
0.7,hw_matched,436,0.02045404841112608
0.7,hw_matched,437,-0.08065171238240088
0.7,hw_matched,438,0.1001482811886345
0.7,hw_matched,439,0.043757410650720474
0.7,hw_matched,440,0.08057668576458166
0.7,hw_matched,441,-0.09546411952332057
0.7,hw_matched,442,-0.5323208132828134
0.7,hw_matched,443,-0.10240470961451753
0.7,hw_matched,444,-0.00791811238657636
0.7,hw_matched,445,0.08516940220110747
0.7,hw_matched,446,-0.0641645727605562
0.7,hw_matched,447,-0.08675644861311671
0.7,hw_matched,448,-0.015992680279210747
0.7,hw_matched,449,-0.11725271327806364
0.7,hw_matched,450,-0.05489356738686335
0.7,hw_matched,451,0.05796173265896509
0.7,hw_matched,452,-0.10012496674842519
0.7,hw_matched,453,0.02673788198897631
0.7,hw_matched,454,0.05792228482154438
0.7,hw_matched,455,0.012697466787558676
0.7,hw_matched,456,-0.019900794906719588
0.7,hw_matched,457,-0.12666880843840334
0.7,hw_matched,458,0.01818129559153825
0.7,hw_matched,459,-0.6787540906938414
0.7,hw_matched,460,-0.04405284707422874
0.7,hw_matched,461,-0.07801055211717522
0.7,hw_matched,462,-0.051272630020995136
0.7,hw_matched,463,-0.01987909752111605
0.7,hw_matched,464,-0.0300537070217326
0.7,hw_matched,465,-0.060783755820087215
0.7,hw_matched,466,0.03739059021519464
0.7,hw_matched,467,-0.06611702321625157
0.7,hw_matched,468,0.053336881083547394
0.7,hw_matched,469,-0.13838280258063707
0.7,hw_matched,470,0.016153918190175753
0.7,hw_matched,471,-0.06470185545490392
0.7,hw_matched,472,-0.18269900777987935
0.7,hw_matched,473,-0.0071299616908262475
0.7,hw_matched,474,0.05953185768280944
0.7,hw_matched,475,-0.03131417620935384
0.7,hw_matched,476,0.0028975198694902726
0.7,hw_matched,477,-0.0621815961961123
0.7,hw_matched,478,-0.10895664944607675
0.7,hw_matched,479,0.0019894242065050527
0.7,hw_matched,480,-0.09401540770205408
0.7,hw_matched,481,0.010280813061932625
0.7,hw_matched,482,-0.17368963023606554
0.7,hw_matched,483,0.0023448018354571554
0.7,hw_matched,484,-0.15055046338359968
0.7,hw_matched,485,-0.2293060483851428
0.7,hw_matched,486,-0.2523047120048423
0.7,hw_matched,487,-0.028729577060958134
0.7,hw_matched,488,-0.021481313470836483
0.7,hw_matched,489,-0.10314514182388246
0.7,hw_matched,490,-0.014838621936176688
0.7,hw_matched,491,0.011441497882943352
0.7,hw_matched,492,-0.15477675013873848
0.7,hw_matched,493,0.07528144358269384
0.7,hw_matched,494,-0.02668441061631266
0.7,hw_matched,495,0.020377386866428537
0.7,hw_matched,496,-0.12839808913623174
0.7,hw_matched,497,0.04381345647687285
0.7,hw_matched,498,0.035447829571321976
0.7,hw_matched,499,-0.0021876260625972588
0.7,hw_matched,500,-0.08625937464316835
0.7,hw_matched,501,0.09396677562326716
0.7,hw_matched,502,-0.055452004572704716
0.7,hw_matched,503,-0.09447591345095052
0.7,hw_matched,504,-0.03905565665293875
0.7,hw_matched,505,0.06881461148203138
0.7,hw_matched,506,0.04210052877010384
0.7,hw_matched,507,-0.1765786094964108
0.7,hw_matched,508,-0.09239845439756023
0.7,hw_matched,509,-0.030898102111278636
0.7,hw_matched,510,-0.03596402643041441
0.7,hw_matched,511,-0.005332857164157101
0.7,hw_matched,512,-0.09294180562853471
0.7,hw_matched,513,-0.023948664903589822
0.7,hw_matched,514,0.06562898042505283
0.7,hw_matched,515,-0.014002083366827955
0.7,hw_matched,516,-0.1260251425137453
0.7,hw_matched,517,-0.24156102788586153
0.7,hw_matched,518,-0.08472714068818821
0.7,hw_matched,519,-0.01963863510646391
0.7,hw_matched,520,-0.051800279189751386
0.7,hw_matched,521,0.027451563417712377
0.7,hw_matched,522,-0.008406923000824351
0.7,hw_matched,523,0.01566723060941433
0.7,hw_matched,524,-0.005115772776714378
0.7,hw_matched,525,0.0001867488805200601
0.7,hw_matched,526,0.06375206399637168
0.7,hw_matched,527,-0.049434889859999886
0.7,hw_matched,528,-0.10729796540255077
0.7,hw_matched,529,-0.16287952721243015
0.7,hw_matched,530,-0.09754768700737815
0.7,hw_matched,531,-0.14717423910832683
0.7,hw_matched,532,0.006900182979268199
0.7,hw_matched,533,-0.01444836145745998
0.7,hw_matched,534,0.04695618051301198
0.7,hw_matched,535,-0.0478928862425223
0.7,hw_matched,536,-0.05924477251216742
0.7,hw_matched,537,0.08531706448887288
0.7,hw_matched,538,-0.020589828961158796
0.7,hw_matched,539,-0.004462228644106725
0.7,hw_matched,540,0.02547442901181529
0.7,hw_matched,541,0.016087244222839137
0.7,hw_matched,542,0.03513792430790541
0.7,hw_matched,543,-0.1377195857922242
0.7,hw_matched,544,0.007008872846673286
0.7,hw_matched,545,-0.34775750923277005
0.7,hw_matched,546,0.018144537668789873
0.7,hw_matched,547,-0.029869143916299024
0.7,hw_matched,548,-0.08431575917042977
0.7,hw_matched,549,0.030600674297039165
0.7,hw_matched,550,0.012893405814026315
0.7,hw_matched,551,0.053496252540592315
0.7,hw_matched,552,0.03998683440416184
0.7,hw_matched,553,-0.00812531977527886
0.7,hw_matched,554,-0.05195632797093075
0.7,hw_matched,555,-0.28068888765289146
0.7,hw_matched,556,0.054678351823326254
0.7,hw_matched,557,0.022373823985396668
0.7,hw_matched,558,-0.010143981186650608
0.7,hw_matched,559,0.0055121688860322315
0.7,hw_matched,560,-0.09717949386554015
0.7,hw_matched,561,-0.01821157421312236
0.7,hw_matched,562,-0.2080450373590863
0.7,hw_matched,563,0.015964807931758807
0.7,hw_matched,564,-0.1876196984457177
0.7,hw_matched,565,0.02004117327033217
0.7,hw_matched,566,0.0803628180803585
0.7,hw_matched,567,-0.11241098016218709
0.7,hw_matched,568,-0.10820253462754748
0.7,hw_matched,569,-0.06672253323179134
0.7,hw_matched,570,-0.22737587766917455
0.7,hw_matched,571,-0.12210198242866865
0.7,hw_matched,572,-0.02155657299526692
0.7,hw_matched,573,0.00794537778292892
0.7,hw_matched,574,0.036650163639121325
0.7,hw_matched,575,0.06459359454983227
0.7,hw_matched,576,-0.017578774911378714
0.7,hw_matched,577,0.06095828641537637
0.7,hw_matched,578,-0.06671728158819512
0.7,hw_matched,579,-0.5604115249360193
0.7,hw_matched,580,-0.09651814190460595
0.7,hw_matched,581,0.0823297247606245
0.7,hw_matched,582,-0.061255009107636704
0.7,hw_matched,583,0.015947193184935538
0.7,hw_matched,584,-0.4650030725812111
0.7,hw_matched,585,0.021319803735130205
0.7,hw_matched,586,0.04567831481551454
0.7,hw_matched,587,-0.019026549596814046
0.7,hw_matched,588,-0.026570349215318423
0.7,hw_matched,589,0.09037744370062262
0.7,hw_matched,590,-0.16710728144593112
0.7,hw_matched,591,-0.1317034608357106
0.7,hw_matched,592,-0.16486747792434375
0.7,hw_matched,593,0.02738053173321109
0.7,hw_matched,594,0.02293436125113868
0.7,hw_matched,595,-0.10011207601553318
0.7,hw_matched,596,0.1787743897521742
0.7,hw_matched,597,0.008295753626397562
0.7,hw_matched,598,-0.09846195975626304
0.7,hw_matched,599,0.03494684494811828
0.7,hw_matched,600,-0.009357523711099214
0.7,hw_matched,601,0.020699012353471602
0.7,hw_matched,602,-0.09347382684781724
0.7,hw_matched,603,0.001808422407017951
0.7,hw_matched,604,0.05947662665821318
0.7,hw_matched,605,-0.019132228679114682
0.7,hw_matched,606,0.09363483881130341
0.7,hw_matched,607,0.028958251739071295
0.7,hw_matched,608,-0.13661496199749035
0.7,hw_matched,609,0.0017773506030320796
0.7,hw_matched,610,-0.13485654434096084
0.7,hw_matched,611,-0.04477105474413623
0.7,hw_matched,612,-0.08882679992012132
0.7,hw_matched,613,0.07734786600522126
0.7,hw_matched,614,-0.14267192970409592
0.7,hw_matched,615,0.02137861310555844
0.7,hw_matched,616,-0.006688398871766088
0.7,hw_matched,617,-0.0527316121518131
0.7,hw_matched,618,-0.011162031793874316
0.7,hw_matched,619,-0.016074872171823795
0.7,hw_matched,620,-0.09346680759303161
0.7,hw_matched,621,0.03060900104732789
0.7,hw_matched,622,-0.060106429265391226
0.7,hw_matched,623,-0.0036333653357583096
0.7,hw_matched,624,-0.006730605845726156
0.7,hw_matched,625,-0.05473907417246293
0.7,hw_matched,626,0.020158493296319024
0.7,hw_matched,627,-0.14174400543689658
0.7,hw_matched,628,-0.10328320106547761
0.7,hw_matched,629,0.0511097863833746
0.7,hw_matched,630,0.032906421670242825
0.7,hw_matched,631,-0.24609424707017813
0.7,hw_matched,632,0.0018139403346515426
0.7,hw_matched,633,-0.13065131157023546
0.7,hw_matched,634,-0.06074840178474883
0.7,hw_matched,635,-0.2454499733997233
0.7,hw_matched,636,0.009415822088973624
0.7,hw_matched,637,-0.08659041793733246
0.7,hw_matched,638,-0.026063935354744494
0.7,hw_matched,639,-0.05702052751904385
0.7,hw_matched,640,0.12180378395227243
0.7,hw_matched,641,-0.36354227427129193
0.7,hw_matched,642,-0.22233408125339094
0.7,hw_matched,643,-0.09402554891352954
0.7,hw_matched,644,-0.2018872229502977
0.7,hw_matched,645,-0.08286379766532259
0.7,hw_matched,646,-0.057654757260849676
0.7,hw_matched,647,0.1467068932359923
0.7,hw_matched,648,-0.01874113470412575
0.7,hw_matched,649,-0.04196232324064719
0.7,hw_matched,650,-0.0002674577995651628
0.7,hw_matched,651,0.029413954011104915
0.7,hw_matched,652,0.03789533140762391
0.7,hw_matched,653,-0.20315200915992748
0.7,hw_matched,654,-0.020734293490666245
0.7,hw_matched,655,0.09993469805346877
0.7,hw_matched,656,-0.1586548249634574
0.7,hw_matched,657,-0.17903538786579443
0.7,hw_matched,658,-0.016345828117322103
0.7,hw_matched,659,0.015036606409929099
0.7,hw_matched,660,0.06309106823473742
0.7,hw_matched,661,-0.10592347359680332
0.7,hw_matched,662,-0.013111182827379553
0.7,hw_matched,663,-0.2128908636566198
0.7,hw_matched,664,-0.022957492129917823
0.7,hw_matched,665,0.06352145385341068
0.7,hw_matched,666,-0.13961119287486312
0.7,hw_matched,667,-0.267728808745598
0.7,hw_matched,668,-0.013557256353373903
0.7,hw_matched,669,-0.006912202503477349
0.7,hw_matched,670,0.054445101071117774
0.7,hw_matched,671,-0.07371853059731248
0.7,hw_matched,672,-0.0729102996708606
0.7,hw_matched,673,-0.040003272524946176
0.7,hw_matched,674,-0.07892224648766266
0.7,hw_matched,675,-0.0639435259564527
0.7,hw_matched,676,-0.13928352114703935
0.7,hw_matched,677,-0.02398818525799573
0.7,hw_matched,678,-0.021072180776805727
0.7,hw_matched,679,-0.24142687962825082
0.7,hw_matched,680,0.0842229397898191
0.7,hw_matched,681,-0.00031934530943988904
0.7,hw_matched,682,0.006431092419184936
0.7,hw_matched,683,0.02447322410108843
0.7,hw_matched,684,0.011107364535359654
0.7,hw_matched,685,0.06904427209805086
0.7,hw_matched,686,-0.09739017794444194
0.7,hw_matched,687,0.03699367320850977
0.7,hw_matched,688,0.006730214047700467
0.7,hw_matched,689,0.002051999899235546
0.7,hw_matched,690,-0.06397130549681096
0.7,hw_matched,691,-0.07456412209444596
0.7,hw_matched,692,0.017534505590641514
0.7,hw_matched,693,0.04936470077996835
0.7,hw_matched,694,-0.10788988667607247
0.7,hw_matched,695,-0.13700535788602353
0.7,hw_matched,696,-0.03423615118375567
0.7,hw_matched,697,-0.14017930315378724
0.7,hw_matched,698,-0.03848067877259931
0.7,hw_matched,699,-0.13949898452596554
0.7,hw_matched,700,-0.001026298867232045
0.7,hw_matched,701,-0.09982604935833606
0.7,hw_matched,702,-0.4673634014316874
0.7,hw_matched,703,-0.028013499353222393
0.7,hw_matched,704,0.06739644160174563
0.7,hw_matched,705,-0.07559297323941117
0.7,hw_matched,706,0.07620501790447187
0.7,hw_matched,707,-0.046701814403518505
0.7,hw_matched,708,0.0037439697968162378
0.7,hw_matched,709,0.0649191312192785
0.7,hw_matched,710,-0.02314505028169611
0.7,hw_matched,711,0.018565172195052382
0.7,hw_matched,712,0.06849058122906959
0.7,hw_matched,713,0.08991377940723433
0.7,hw_matched,714,-0.0031583348572641334
0.7,hw_matched,715,-0.11833442017758555
0.7,hw_matched,716,-0.02461564235821423
0.7,hw_matched,717,-0.17022189244126973
0.7,hw_matched,718,-0.020640445727811985
0.7,hw_matched,719,-0.03504084336301361
0.7,hw_matched,720,-0.1992654036182273
0.7,hw_matched,721,-0.018048059413676487
0.7,hw_matched,722,0.015973960632820416
0.7,hw_matched,723,0.03665188515462803
0.7,hw_matched,724,-0.027960477182534804
0.7,hw_matched,725,-0.04614934183488595
0.7,hw_matched,726,-0.09939273345152921
0.7,hw_matched,727,0.0650535699936754
0.7,hw_matched,728,0.03879023939375181
0.7,hw_matched,729,-0.05233646127166569
0.7,hw_matched,730,0.03454578362328953
0.7,hw_matched,731,-0.0012193274465970294
0.7,hw_matched,732,-0.15791169786781145
0.7,hw_matched,733,-0.05136112906610646
0.7,hw_matched,734,0.08592892138782005
0.7,hw_matched,735,0.154617068406246
0.7,hw_matched,736,-0.31060784885079307
0.7,hw_matched,737,-0.05546468308652153
0.7,hw_matched,738,-0.0667207457247414
0.7,hw_matched,739,-0.0833998361903685
0.7,hw_matched,740,-0.2547329479940117
0.7,hw_matched,741,0.039263353375251886
0.7,hw_matched,742,-0.04401323059157147
0.7,hw_matched,743,-0.10796911337314441
0.7,hw_matched,744,0.019349122457041235
0.7,hw_matched,745,-0.19357958751538273
0.7,hw_matched,746,0.039330827430502424
0.7,hw_matched,747,-0.00957312647318398
0.7,hw_matched,748,-0.05980395788162851
0.7,hw_matched,749,0.0014143008048945749
0.7,hw_matched,750,-0.05429330459167003
0.7,hw_matched,751,0.09994885882227567
0.7,hw_matched,752,0.07960689914371999
0.7,hw_matched,753,0.03459394721844422
0.7,hw_matched,754,-0.04331043113391009
0.7,hw_matched,755,-0.03507631776686049
0.7,hw_matched,756,-0.15416449215115957
0.7,hw_matched,757,-0.03821816294001157
0.7,hw_matched,758,-0.08347120038648459
0.7,hw_matched,759,0.02409093183234201
0.7,hw_matched,760,-0.07032544643093774
0.7,hw_matched,761,-0.12049230839676484
0.7,hw_matched,762,-0.0655205535813419
0.7,hw_matched,763,0.07406500341182276
0.7,hw_matched,764,-0.03621745375028107
0.7,hw_matched,765,-0.015364512510075201
0.7,hw_matched,766,-0.12857224265858203
0.7,hw_matched,767,0.06643784133062125
0.7,hw_matched,768,-0.011588359520418923
0.7,hw_matched,769,0.0018140898057016352
0.7,hw_matched,770,-0.04135837315033042
0.7,hw_matched,771,-0.3349064047876069
0.7,hw_matched,772,-0.08432209485664743
0.7,hw_matched,773,-0.20564309915316992
0.7,hw_matched,774,-0.020452913876626733
0.7,hw_matched,775,-0.18954344851297833
0.7,hw_matched,776,-0.043490029411438424
0.7,hw_matched,777,0.025228933949598464
0.7,hw_matched,778,-0.04769738883459418
0.7,hw_matched,779,-0.14461507569469156
0.7,hw_matched,780,0.02495572633525378
0.7,hw_matched,781,-0.12222012165143448
0.7,hw_matched,782,0.0018631366603449884
0.7,hw_matched,783,-0.03613463871802636
0.7,hw_matched,784,0.11858168115098477
0.7,hw_matched,785,0.08853259580876005
0.7,hw_matched,786,0.003963765754388504
0.7,hw_matched,787,-0.010980669500900264
0.7,hw_matched,788,0.09164605617116106
0.7,hw_matched,789,0.0017482579628994577
0.7,hw_matched,790,-0.10663662417146846
0.7,hw_matched,791,0.04666989972176483
0.7,hw_matched,792,-0.2567805873899547
0.7,hw_matched,793,0.07454637279636034
0.7,hw_matched,794,0.0016740308552178895
0.7,hw_matched,795,-0.14356787613498923
0.7,hw_matched,796,-0.10923900323538427
0.7,hw_matched,797,0.05415785904736392
0.7,hw_matched,798,0.16348296070362
0.7,hw_matched,799,-0.10747790168927707
0.7,hw_matched,800,-0.040256104488429756
0.7,hw_matched,801,0.06765416441010907
0.7,hw_matched,802,-0.057024026042081344
0.7,hw_matched,803,0.0016500643023216188
0.7,hw_matched,804,0.10153949772174342
0.7,hw_matched,805,-0.032649960841433234
0.7,hw_matched,806,-0.036631648216409074
0.7,hw_matched,807,-0.05295340143941063
0.7,hw_matched,808,0.0682938143497519
0.7,hw_matched,809,0.0964144898860132
0.7,hw_matched,810,0.004058831454122447
0.7,hw_matched,811,-0.1035253661016633
0.7,hw_matched,812,0.00401227976255758
0.7,hw_matched,813,0.047992661653526
0.7,hw_matched,814,0.028396869848412942
0.7,hw_matched,815,-0.1342773470630414
0.7,hw_matched,816,0.031206506276701518
0.7,hw_matched,817,-0.043010861173538695
0.7,hw_matched,818,0.0044141946004353505
0.7,hw_matched,819,0.1488289287298289
0.7,hw_matched,820,-0.0010187568771351518
0.7,hw_matched,821,-0.2352164111396764
0.7,hw_matched,822,-0.5997009485748919
0.7,hw_matched,823,-0.007293995785844887
0.7,hw_matched,824,-0.0444768811276377
0.7,hw_matched,825,0.008033790325733814
0.7,hw_matched,826,-0.12620251168940988
0.7,hw_matched,827,0.11955897992666442
0.7,hw_matched,828,-0.034383756406685784
0.7,hw_matched,829,-0.019684266933823302
0.7,hw_matched,830,-0.16233232866940472
0.7,hw_matched,831,-0.008811521382729781
0.7,hw_matched,832,-0.06178826311343122
0.7,hw_matched,833,-0.07700981711007748
0.7,hw_matched,834,0.040695421290607325
0.7,hw_matched,835,-0.2190332943793094
0.7,hw_matched,836,-0.007155587251191253
0.7,hw_matched,837,-0.07879056795920536
0.7,hw_matched,838,-0.09845697270139042
0.7,hw_matched,839,0.08451028530762994
0.7,hw_matched,840,-0.039090086933638135
0.7,hw_matched,841,-0.13805820712189165
0.7,hw_matched,842,-0.11354962964522342
0.7,hw_matched,843,-0.08279226342322032
0.7,hw_matched,844,0.00406419595660823
0.7,hw_matched,845,-0.003053908433553687
0.7,hw_matched,846,0.04017985994130502
0.7,hw_matched,847,0.004332220417490262
0.7,hw_matched,848,0.001411817230774215
0.7,hw_matched,849,-0.07709501693394971
0.7,hw_matched,850,0.009605682078054234
0.7,hw_matched,851,-0.08461921412226792
0.7,hw_matched,852,-0.3247902616224081
0.7,hw_matched,853,-0.18710321395021934
0.7,hw_matched,854,-0.05287972212200076
0.7,hw_matched,855,0.07553990315536885
0.7,hw_matched,856,-0.0353367598501102
0.7,hw_matched,857,-0.009175591044004339
0.7,hw_matched,858,-0.08220919806491311
0.7,hw_matched,859,-0.13021915663681227
0.7,hw_matched,860,-0.04695152775277589
0.7,hw_matched,861,0.022370198978513778
0.7,hw_matched,862,-0.0584799569189014
0.7,hw_matched,863,0.08420482935592466
0.7,hw_matched,864,-0.05535020082510056
0.7,hw_matched,865,-0.08602647753854087
0.7,hw_matched,866,-0.21118767564148122
0.7,hw_matched,867,-0.08968996756964187
0.7,hw_matched,868,-0.047704601725639284
0.7,hw_matched,869,0.08506690845575382
0.7,hw_matched,870,-0.036368676042398906
0.7,hw_matched,871,-0.04269611961709585
0.7,hw_matched,872,-0.05116288544935155
0.7,hw_matched,873,-0.025997302935631517
0.7,hw_matched,874,0.036760224628999194
0.7,hw_matched,875,-0.059419938417335505
0.7,hw_matched,876,0.007035068444771531
0.7,hw_matched,877,-0.03181560809772721
0.7,hw_matched,878,0.045019813089119065
0.7,hw_matched,879,-0.27418302149601725
0.7,hw_matched,880,-0.04064810900395899
0.7,hw_matched,881,-0.0979212196025725
0.7,hw_matched,882,-0.01463152105090737
0.7,hw_matched,883,-0.0004594830949939954
0.7,hw_matched,884,-0.06859890725517159
0.7,hw_matched,885,0.03297047144425558
0.7,hw_matched,886,-0.18457277183195964
0.7,hw_matched,887,-0.05839179862373922
0.7,hw_matched,888,-0.1726894055003172
0.7,hw_matched,889,-0.1312624587871647
0.7,hw_matched,890,-0.060494467303850996
0.7,hw_matched,891,0.07831310451694817
0.7,hw_matched,892,-0.15787838788087316
0.7,hw_matched,893,-0.10348173792580306
0.7,hw_matched,894,0.06766703187180478
0.7,hw_matched,895,0.15203164965981675
0.7,hw_matched,896,-0.12561115310486337
0.7,hw_matched,897,-0.055123118503518365
0.7,hw_matched,898,-0.1798717644708523
0.7,hw_matched,899,-0.07585009157630762
0.7,hw_matched,900,0.03498992243688481
0.7,hw_matched,901,-0.20994068598583593
0.7,hw_matched,902,-0.0032475111561547365
0.7,hw_matched,903,0.0037401514120556367
0.7,hw_matched,904,0.008146192867564905
0.7,hw_matched,905,-0.10938990766483592
0.7,hw_matched,906,-0.06395193211267536
0.7,hw_matched,907,-0.11360808385828935
0.7,hw_matched,908,-0.16969608959961002
0.7,hw_matched,909,-0.11891259714407831
0.7,hw_matched,910,0.04146277101182594
0.7,hw_matched,911,-0.014292541071804887
0.7,hw_matched,912,-0.16718236618667603
0.7,hw_matched,913,0.0025998373554587673
0.7,hw_matched,914,-0.0723994346029544
0.7,hw_matched,915,0.007370108761872829
0.7,hw_matched,916,0.005642482950754646
0.7,hw_matched,917,-0.015062649908966552
0.7,hw_matched,918,0.016006255916948153
0.7,hw_matched,919,-0.11961868373716289
0.7,hw_matched,920,0.0021061050466754105
0.7,hw_matched,921,0.015959988713541873
0.7,hw_matched,922,0.037187265963514626
0.7,hw_matched,923,-0.06900007538032771
0.7,hw_matched,924,-0.040018386197126166
0.7,hw_matched,925,-0.034782089401722116
0.7,hw_matched,926,-0.03610213343069524
0.7,hw_matched,927,-0.02452456438684636
0.7,hw_matched,928,0.0008747694811359619
0.7,hw_matched,929,-0.07025327584190921
0.7,hw_matched,930,-0.020223279323144938
0.7,hw_matched,931,-0.1812948137562156
0.7,hw_matched,932,0.026681661485942643
0.7,hw_matched,933,-0.10184249444564619
0.7,hw_matched,934,-0.03376273498508375
0.7,hw_matched,935,-0.1731978651526036
0.7,hw_matched,936,0.05769753384205756
0.7,hw_matched,937,0.12819642401661513
0.7,hw_matched,938,0.01511105252977396
0.7,hw_matched,939,-0.04754828552395174
0.7,hw_matched,940,-0.034617563396473816
0.7,hw_matched,941,-0.05696312798457703
0.7,hw_matched,942,0.09495006807386552
0.7,hw_matched,943,-0.13394236850058072
0.7,hw_matched,944,-0.024345631613285512
0.7,hw_matched,945,-0.12010697178980156
0.7,hw_matched,946,-0.018469444758729248
0.7,hw_matched,947,0.04173978609558193
0.7,hw_matched,948,-0.059953255037276554
0.7,hw_matched,949,-0.056161741146165456
0.7,hw_matched,950,-0.11603856246005795
0.7,hw_matched,951,0.017145013751341143
0.7,hw_matched,952,0.027097734208808677
0.7,hw_matched,953,-0.0857862561634668
0.7,hw_matched,954,0.0038955137807807905
0.7,hw_matched,955,0.12547477471336965
0.7,hw_matched,956,-0.16242849756528166
0.7,hw_matched,957,-0.08283085104672971
0.7,hw_matched,958,-0.009613725316186317
0.7,hw_matched,959,-0.00969809623273199
0.7,hw_matched,960,0.036582328296822175
0.7,hw_matched,961,-0.10192388988056766
0.7,hw_matched,962,0.0887897429131721
0.7,hw_matched,963,-0.13425062274528488
0.7,hw_matched,964,0.02280436287998011
0.7,hw_matched,965,-0.2518602281536706
0.7,hw_matched,966,-0.10423117012152039
0.7,hw_matched,967,0.045867334362730494
0.7,hw_matched,968,0.008969821567494818
0.7,hw_matched,969,0.00474500816511092
0.7,hw_matched,970,0.041169234846315184
0.7,hw_matched,971,0.06888809811873275
0.7,hw_matched,972,0.045770277234227
0.7,hw_matched,973,-0.06030884066274189
0.7,hw_matched,974,0.0067462935763149545
0.7,hw_matched,975,-0.16699304595401188
0.7,hw_matched,976,0.024712807093336342
0.7,hw_matched,977,-0.017601385342077558
0.7,hw_matched,978,-0.05478010024819224
0.7,hw_matched,979,-0.04461185512264865
0.7,hw_matched,980,-0.09878137962579547
0.7,hw_matched,981,-0.17035507419654605
0.7,hw_matched,982,-0.2458375052474564
0.7,hw_matched,983,0.06258476704795868
0.7,hw_matched,984,-0.08380508049194124
0.7,hw_matched,985,0.0015476889413570394
0.7,hw_matched,986,0.04630338404887013
0.7,hw_matched,987,-0.07398395255790491
0.7,hw_matched,988,-0.056995363880002925
0.7,hw_matched,989,0.10034295137201754
0.7,hw_matched,990,0.011543706843337609
0.7,hw_matched,991,0.13761740992542992
0.7,hw_matched,992,-0.07107032862812379
0.7,hw_matched,993,-0.048225071547923104
0.7,hw_matched,994,0.06447904729209164
0.7,hw_matched,995,-0.10660221543645965
0.7,hw_matched,996,0.042861858617788684
0.7,hw_matched,997,-0.019759137771150792
0.7,hw_matched,998,-0.13585177226054723
0.7,hw_matched,999,-0.0005144967966972391
0.7,500,0,-0.22938575190392907
0.7,500,1,-0.07770443230861379
0.7,500,2,-0.007245163564759682
0.7,500,3,0.007691263176516916
0.7,500,4,-0.01678721079865797
0.7,500,5,0.0432789772055594
0.7,500,6,-0.02753393371058488
0.7,500,7,-0.02878908186574236
0.7,500,8,-0.02413636690875931
0.7,500,9,-0.08343016077557674
0.7,500,10,-0.02000434680795382
0.7,500,11,0.016687279761074203
0.7,500,12,0.0017577148112015717
0.7,500,13,-0.12313267692135854
0.7,500,14,-0.04608105793995909
0.7,500,15,0.008003037106316002
0.7,500,16,0.017085965824428784
0.7,500,17,-0.008231902790582168
0.7,500,18,0.010738063170429135
0.7,500,19,-0.2763822181121114
0.7,500,20,-0.020917568150685684
0.7,500,21,-0.040352366390214556
0.7,500,22,-0.03659047371867152
0.7,500,23,0.024896544051717373
0.7,500,24,-0.043899032064227184
0.7,500,25,-0.11585981829535208
0.7,500,26,-0.03296620175893805
0.7,500,27,-0.14581623110214204
0.7,500,28,-0.17346831071518243
0.7,500,29,-0.045717595506071795
0.7,500,30,-0.04915773548619096
0.7,500,31,-0.025944599826274617
0.7,500,32,0.030486229244588547
0.7,500,33,-0.1513562789877081
0.7,500,34,-0.024811794397143094
0.7,500,35,-0.0652292908945391
0.7,500,36,-0.007794972745728712
0.7,500,37,-0.03003266415224548
0.7,500,38,-0.0724345347005877
0.7,500,39,-0.01174541894167147
0.7,500,40,-0.15961997449816523
0.7,500,41,-0.1775892319836314
0.7,500,42,0.03793473228907884
0.7,500,43,-0.032177769830118885
0.7,500,44,0.04097835973859987
0.7,500,45,-0.033293862641313954
0.7,500,46,-0.038906201885277936
0.7,500,47,-0.07929617117735188
0.7,500,48,-0.06427353617903742
0.7,500,49,-0.00692885174275637
0.7,500,50,-0.041431426113483605
0.7,500,51,-0.014245871806533472
0.7,500,52,-0.033277498852953835
0.7,500,53,-0.06671716038640585
0.7,500,54,-0.011812122386554602
0.7,500,55,-0.07475490880106572
0.7,500,56,-0.09589271423599621
0.7,500,57,-0.008458918643399427
0.7,500,58,0.03377483709398543
0.7,500,59,-0.024603582776833388
0.7,500,60,-0.028872863249211678
0.7,500,61,0.019310109188677704
0.7,500,62,-0.04919111908971807
0.7,500,63,0.04610370521142915
0.7,500,64,-0.1009195066243016
0.7,500,65,-0.03045342191185485
0.7,500,66,-0.21785667596523783
0.7,500,67,-0.046035242458629444
0.7,500,68,-0.11653183120040755
0.7,500,69,-0.031367266422238194
0.7,500,70,-0.037026472516045184
0.7,500,71,-0.04389790932237747
0.7,500,72,-0.05431647392716421
0.7,500,73,-0.01441740805147207
0.7,500,74,-0.0989594040533095
0.7,500,75,-0.08611401611712943
0.7,500,76,-0.011031617620517187
0.7,500,77,-0.08176178943917622
0.7,500,78,-0.016265290560255163
0.7,500,79,0.02498021470638534
0.7,500,80,-0.16905252640477908
0.7,500,81,-0.06657638022708312
0.7,500,82,-0.061208617323230685
0.7,500,83,-0.09705440272890198
0.7,500,84,-0.0017695546991598476
0.7,500,85,-0.029771551546938557
0.7,500,86,-0.21004232917935983
0.7,500,87,-0.15630678491934402
0.7,500,88,-0.026834793259320033
0.7,500,89,-0.02251867623795012
0.7,500,90,-0.02521907561417036
0.7,500,91,-0.002517864878319509
0.7,500,92,-0.08921173437300567
0.7,500,93,0.021179247353608988
0.7,500,94,0.024024319947592243
0.7,500,95,-0.15941546102396753
0.7,500,96,0.005619984507183928
0.7,500,97,-0.001498467678194837
0.7,500,98,-0.17204004072168533
0.7,500,99,-0.03591367848810956
0.7,500,100,0.009367664328422731
0.7,500,101,-0.12333711179198392
0.7,500,102,0.011744954866896085
0.7,500,103,-0.2946695634376437
0.7,500,104,-0.037152936333475495
0.7,500,105,-0.014624057562348636
0.7,500,106,-0.032656714884980564
0.7,500,107,-0.09368089264373802
0.7,500,108,-0.05764769181692375
0.7,500,109,-0.028010278302915692
0.7,500,110,0.022449731439420417
0.7,500,111,-0.020466855676049223
0.7,500,112,-0.021653115454153715
0.7,500,113,-0.05391663601771368
0.7,500,114,-0.04778633965709944
0.7,500,115,-0.07993145345056707
0.7,500,116,-0.018423346442549837
0.7,500,117,0.0031608257475644885
0.7,500,118,-0.028946226533935526
0.7,500,119,-0.08795179744908399
0.7,500,120,-0.0037782290268195684
0.7,500,121,-0.03858457925284009
0.7,500,122,0.005880094833393135
0.7,500,123,-0.018048178342624066
0.7,500,124,-0.02308549518950631
0.7,500,125,-0.011821185469416573
0.7,500,126,-0.1401832334373072
0.7,500,127,-0.04188330944233476
0.7,500,128,-0.045645824710384586
0.7,500,129,-0.269375744330971
0.7,500,130,-0.1711912689482893
0.7,500,131,-0.20784441762887607
0.7,500,132,-0.08284364795581012
0.7,500,133,-0.030937086136929803
0.7,500,134,-0.10076356115425877
0.7,500,135,-0.04052321480850396
0.7,500,136,-0.007182977572336213
0.7,500,137,-0.10174680791641855
0.7,500,138,-0.013910219881984931
0.7,500,139,-0.05784715781678007
0.7,500,140,-0.12243116987616287
0.7,500,141,-0.05946659383866226
0.7,500,142,0.04371825496488513
0.7,500,143,0.015503251557239972
0.7,500,144,-0.2669468858252515
0.7,500,145,-0.010273631108835168
0.7,500,146,-0.14283882606537013
0.7,500,147,-0.14997206309862676
0.7,500,148,-0.033953933858465124
0.7,500,149,-0.004925706542703079
0.7,500,150,0.011313968114334272
0.7,500,151,0.04161837275369118
0.7,500,152,-0.07033919228648822
0.7,500,153,-0.049701404959559436
0.7,500,154,-0.1959717402231278
0.7,500,155,-0.014438389394331841
0.7,500,156,0.0036179462706072973
0.7,500,157,-0.04758215930814269
0.7,500,158,-0.11218725501209126
0.7,500,159,0.004813994841551206
0.7,500,160,-0.0427529959648858
0.7,500,161,-0.03270090255006641
0.7,500,162,-0.11169994776030046
0.7,500,163,-0.015071509448309595
0.7,500,164,-0.0316249757018332
0.7,500,165,-0.005165092729988885
0.7,500,166,-0.09158431679726564
0.7,500,167,0.006291508259862133
0.7,500,168,-0.09258337914155224
0.7,500,169,-0.1068650534374247
0.7,500,170,-0.047109758899570586
0.7,500,171,-0.13848605763948552
0.7,500,172,-0.04111744304679665
0.7,500,173,-0.02208511757957954
0.7,500,174,0.014843009640724047
0.7,500,175,-0.046484526030116546
0.7,500,176,-0.0007426564585768514
0.7,500,177,0.0031147494507256512
0.7,500,178,0.016258176600752572
0.7,500,179,0.010826549215908088
0.7,500,180,-0.045898470138577396
0.7,500,181,-0.0043500987553988235
0.7,500,182,-0.07244977909496497
0.7,500,183,0.027902382275647786
0.7,500,184,-0.06921829371891075
0.7,500,185,-0.32085887395766144
0.7,500,186,-0.0587783774538535
0.7,500,187,-0.24082133454508403
0.7,500,188,0.0044887110609133085
0.7,500,189,-0.07516948278590618
0.7,500,190,-0.10782214767313625
0.7,500,191,-0.022645654120127423
0.7,500,192,-0.11568234979621339
0.7,500,193,-0.02689683292069378
0.7,500,194,0.062479342788625325
0.7,500,195,-0.0612134144344314
0.7,500,196,-0.06983601103511594
0.7,500,197,0.060144938991948615
0.7,500,198,-0.092628406683402
0.7,500,199,-0.013653866246493784
0.7,500,200,0.042534592611570554
0.7,500,201,-0.02867492012844708
0.7,500,202,-0.04312934824687287
0.7,500,203,-0.022494253206635895
0.7,500,204,-0.15179252617036587
0.7,500,205,-0.1249242341953607
0.7,500,206,0.00882150064475784
0.7,500,207,-0.029733696616359273
0.7,500,208,-0.05840206026464667
0.7,500,209,0.006058996441599018
0.7,500,210,-0.09407663719480319
0.7,500,211,-0.11861330586087848
0.7,500,212,-0.07604721226921551
0.7,500,213,0.00033372464970904403
0.7,500,214,0.02189132901462909
0.7,500,215,-0.030119131692093237
0.7,500,216,-0.051067041034309035
0.7,500,217,-0.020987818011140025
0.7,500,218,-0.0659713663203747
0.7,500,219,0.027891905754789614
0.7,500,220,-0.04233092137739214
0.7,500,221,-0.09166376229153217
0.7,500,222,-0.006120881152301472
0.7,500,223,-0.016492174969685136
0.7,500,224,-0.004423266257976621
0.7,500,225,-0.17312693927603884
0.7,500,226,-0.040815848722419945
0.7,500,227,-0.027854938401239426
0.7,500,228,0.009173732879931396
0.7,500,229,0.014256183368277497
0.7,500,230,-1.5456293328997006e-05
0.7,500,231,-0.03973735823310531
0.7,500,232,-0.010792467732170463
0.7,500,233,-0.05473371119043047
0.7,500,234,-0.04250307452755586
0.7,500,235,-0.19196698720739458
0.7,500,236,0.015243384810415983
0.7,500,237,-0.0007529920869435713
0.7,500,238,-0.04438570657640706
0.7,500,239,0.038360597103984095
0.7,500,240,0.090547089150673
0.7,500,241,-0.006679952922861387
0.7,500,242,-0.04977393380822992
0.7,500,243,-0.09325271412389058
0.7,500,244,-0.0028813403212828437
0.7,500,245,-0.007035323033472984
0.7,500,246,-0.02053815368759304
0.7,500,247,-0.009849253133092484
0.7,500,248,0.007422265661679361
0.7,500,249,-0.09273471609477779
0.7,500,250,0.0013076547810082495
0.7,500,251,-0.0661161106925876
0.7,500,252,-0.058964867273884725
0.7,500,253,-0.04238818751173823
0.7,500,254,-0.11004964411366291
0.7,500,255,-0.09801905612873885
0.7,500,256,-0.1144054950827873
0.7,500,257,-0.042786188814394555
0.7,500,258,0.03313205387252305
0.7,500,259,-0.008137783976098545
0.7,500,260,-0.03158223411016303
0.7,500,261,-0.0453925080084534
0.7,500,262,-0.0401450173828779
0.7,500,263,-0.17476508833473448
0.7,500,264,-0.25935565370282765
0.7,500,265,0.028861140498914084
0.7,500,266,-0.07781871001452423
0.7,500,267,-0.18893312134148665
0.7,500,268,-0.03196851463734518
0.7,500,269,-0.20485989832388007
0.7,500,270,-0.028350737951142957
0.7,500,271,-0.005184945840045474
0.7,500,272,-0.1237870400500023
0.7,500,273,-0.023078254669951503
0.7,500,274,-0.10997825024135266
0.7,500,275,-0.07496054228772797
0.7,500,276,-0.05956355061039997
0.7,500,277,-0.03426524351998239
0.7,500,278,-0.10456122880848784
0.7,500,279,-0.07748998802992357
0.7,500,280,-0.06252626614062562
0.7,500,281,-0.12214056384778282
0.7,500,282,-0.0322224176271404
0.7,500,283,-0.21064094800633715
0.7,500,284,-0.07542307112583035
0.7,500,285,0.01424322416066559
0.7,500,286,-0.030862788839146837
0.7,500,287,-0.1301182594327881
0.7,500,288,0.026745092388897773
0.7,500,289,-0.07051262678641779
0.7,500,290,-0.020118199247971535
0.7,500,291,0.028259575613569843
0.7,500,292,0.02847810266620754
0.7,500,293,-0.05256700900626243
0.7,500,294,-0.05277334462052763
0.7,500,295,0.023403933717027203
0.7,500,296,-0.00882246803035569
0.7,500,297,-0.04177778306658331
0.7,500,298,-0.07474959975067685
0.7,500,299,-0.23549690881962415
0.7,500,300,-0.07145538978087629
0.7,500,301,-0.050388672771756404
0.7,500,302,-0.039309898891594086
0.7,500,303,-0.0028405946605378762
0.7,500,304,-0.1354569302111932
0.7,500,305,0.05493020456551445
0.7,500,306,-0.001841762755206311
0.7,500,307,-0.004790643903505476
0.7,500,308,-0.03113785679318415
0.7,500,309,-0.06118690751510614
0.7,500,310,-0.08420253580783066
0.7,500,311,-0.235889216530762
0.7,500,312,0.003155217528327481
0.7,500,313,-0.05511826140507159
0.7,500,314,-0.037838673074147344
0.7,500,315,-0.016413458799140912
0.7,500,316,0.04356382074450149
0.7,500,317,-0.009172204889656976
0.7,500,318,0.013858282811738953
0.7,500,319,0.008521417092696715
0.7,500,320,0.02365561529607363
0.7,500,321,-0.2095695218860414
0.7,500,322,-0.06248978056960852
0.7,500,323,0.005000986323780987
0.7,500,324,-0.10148990297229687
0.7,500,325,-0.1494725286967169
0.7,500,326,-0.059445425128311635
0.7,500,327,-0.022452621382421212
0.7,500,328,-0.09138370653484795
0.7,500,329,-0.17019708568185687
0.7,500,330,-0.2262431350507237
0.7,500,331,-0.09354979166316046
0.7,500,332,-0.015562590363236595
0.7,500,333,-0.033012007917756936
0.7,500,334,-0.03568362557457605
0.7,500,335,-0.018838454115605252
0.7,500,336,-0.11999227022218029
0.7,500,337,-0.1899182077325725
0.7,500,338,-0.003457858779946532
0.7,500,339,0.02696383385747636
0.7,500,340,-0.19172911719030128
0.7,500,341,-0.04046292359409809
0.7,500,342,-0.04113614173131808
0.7,500,343,0.015028141768282488
0.7,500,344,-0.05084726508441162
0.7,500,345,-0.03372461974465191
0.7,500,346,-0.05963812437755989
0.7,500,347,-0.1399892885104057
0.7,500,348,-0.12818347577424172
0.7,500,349,-0.09528634637102606
0.7,500,350,-0.03107603300797024
0.7,500,351,-0.12358815252827049
0.7,500,352,-0.03663407800732088
0.7,500,353,0.009916688332442747
0.7,500,354,-0.055348380573263745
0.7,500,355,-0.11285794393762405
0.7,500,356,-0.0712138196487555
0.7,500,357,-0.06114061721057662
0.7,500,358,-0.06166216269635938
0.7,500,359,-0.1836775716241701
0.7,500,360,-0.050066433418398004
0.7,500,361,-0.1323264403495008
0.7,500,362,-0.06238601216118478
0.7,500,363,-0.017618000214256746
0.7,500,364,-0.0975345056857575
0.7,500,365,-0.03888298769780962
0.7,500,366,-0.027030102250745314
0.7,500,367,0.006368231906538457
0.7,500,368,-0.009683294311131352
0.7,500,369,-0.10837711029703945
0.7,500,370,0.001518967577943453
0.7,500,371,-0.09212252278914712
0.7,500,372,0.009096136916397546
0.7,500,373,-0.002306594300682807
0.7,500,374,-0.02924834126235054
0.7,500,375,-0.027433480926118747
0.7,500,376,-0.0790892356474917
0.7,500,377,-0.01978385151816786
0.7,500,378,0.02012817762254049
0.7,500,379,0.02568105843316182
0.7,500,380,-0.11241279721672681
0.7,500,381,-0.06056382512619374
0.7,500,382,-0.04297470391234426
0.7,500,383,0.002781405828708672
0.7,500,384,-0.011479423445671655
0.7,500,385,-0.05316872246387172
0.7,500,386,-0.18345937096561316
0.7,500,387,-0.14623639417648882
0.7,500,388,0.04413273076775148
0.7,500,389,-0.05006798808357149
0.7,500,390,-0.052107316570134676
0.7,500,391,-0.055469781532428764
0.7,500,392,-0.012221319547319975
0.7,500,393,0.00806369634644033
0.7,500,394,-0.5864191154215603
0.7,500,395,-0.18084943661328956
0.7,500,396,0.0023177925365849283
0.7,500,397,-0.05401369466053718
0.7,500,398,-0.05830912925380072
0.7,500,399,-0.0824535156099635
0.7,500,400,0.021883884471569193
0.7,500,401,-0.048742503708694374
0.7,500,402,-0.034160832147037246
0.7,500,403,-0.3373812842573467
0.7,500,404,-0.09938807380242087
0.7,500,405,-0.028830003953055572
0.7,500,406,0.03430771484744244
0.7,500,407,-0.03469770789344029
0.7,500,408,-0.05261952376199308
0.7,500,409,0.008735297886000248
0.7,500,410,-0.06077094625446233
0.7,500,411,-0.02785088758215437
0.7,500,412,-0.04412595158266153
0.7,500,413,-0.16210402683128278
0.7,500,414,0.021334294135790688
0.7,500,415,-0.008845967268559463
0.7,500,416,-0.10441107502257685
0.7,500,417,-0.040352871573436255
0.7,500,418,0.00883729569286451
0.7,500,419,-0.04681739072063884
0.7,500,420,-0.35823805780817874
0.7,500,421,0.013916499872421717
0.7,500,422,-0.04153625476043543
0.7,500,423,0.018661250111416505
0.7,500,424,-0.06776870439907956
0.7,500,425,-0.018104148301808287
0.7,500,426,-0.029930892766111272
0.7,500,427,-0.27923530140786124
0.7,500,428,-0.02339712366037494
0.7,500,429,-0.09603111866774028
0.7,500,430,-0.03128976088057689
0.7,500,431,-0.06504207326052347
0.7,500,432,-0.07785590665336173
0.7,500,433,-0.017211542755713127
0.7,500,434,0.018373557916746885
0.7,500,435,0.0010960533182854393
0.7,500,436,-0.05757300249470654
0.7,500,437,-0.12478432392073113
0.7,500,438,0.03184059976455467
0.7,500,439,-0.03868313020626024
0.7,500,440,-0.1406521810661907
0.7,500,441,-0.02880992863854992
0.7,500,442,-0.30565389383441666
0.7,500,443,-0.2900153644947532
0.7,500,444,-0.12055216520045287
0.7,500,445,0.045377645343606
0.7,500,446,0.01587894455798433
0.7,500,447,-0.16937909591986378
0.7,500,448,0.04175719891833796
0.7,500,449,-0.07402946151962375
0.7,500,450,0.04768681039404099
0.7,500,451,-0.10129000325020532
0.7,500,452,0.038666703038054306
0.7,500,453,-0.09649886719801626
0.7,500,454,0.006600276391617976
0.7,500,455,0.021160464808181234
0.7,500,456,0.0240262976097233
0.7,500,457,-0.09392483148625907
0.7,500,458,-0.004169385751228383
0.7,500,459,-0.07985099344347524
0.7,500,460,-0.04093674876745612
0.7,500,461,-0.1550584510778361
0.7,500,462,-0.05893913528314454
0.7,500,463,-0.2699384558557951
0.7,500,464,-0.02316527660025325
0.7,500,465,-0.019846509552597258
0.7,500,466,-0.04048584854984316
0.7,500,467,-0.012964574733607348
0.7,500,468,-0.3064519483740864
0.7,500,469,0.010848805943544315
0.7,500,470,0.002267269091826507
0.7,500,471,-0.1617910845130388
0.7,500,472,-0.02751794602439972
0.7,500,473,-0.22738406984339576
0.7,500,474,-0.004476558257920038
0.7,500,475,-0.06723490962910517
0.7,500,476,-0.02392618714928152
0.7,500,477,-0.11537045552687064
0.7,500,478,-0.02067429269994636
0.7,500,479,-0.021269815162475503
0.7,500,480,0.009865413747635832
0.7,500,481,-0.09799028239856011
0.7,500,482,-0.12958542229904446
0.7,500,483,-0.0770416432952199
0.7,500,484,-0.17071580393571661
0.7,500,485,-0.020890299863526973
0.7,500,486,-0.08247377495974972
0.7,500,487,-0.06210149286268263
0.7,500,488,-0.017416643288297617
0.7,500,489,-0.009999109749545987
0.7,500,490,0.014306469164620306
0.7,500,491,-0.13342923938783513
0.7,500,492,-0.05198625649253752
0.7,500,493,0.0087489097751684
0.7,500,494,0.03190874895369922
0.7,500,495,-0.08782809846584061
0.7,500,496,-0.07520039153587543
0.7,500,497,-0.08980340641440243
0.7,500,498,-0.003757041058043198
0.7,500,499,0.05240246704155238
0.7,500,500,-0.012496872974793405
0.7,500,501,0.010170622019286979
0.7,500,502,0.035008864842279275
0.7,500,503,-0.014837298407655464
0.7,500,504,-0.1278149673044373
0.7,500,505,-0.4068188632055709
0.7,500,506,0.005237699082343061
0.7,500,507,0.026129708061950807
0.7,500,508,-0.027095116095844807
0.7,500,509,-0.21861386880648936
0.7,500,510,-0.0006845692323329544
0.7,500,511,-0.26952799706230657
0.7,500,512,-0.2370984252896995
0.7,500,513,0.05485068550484817
0.7,500,514,-0.09668021981331698
0.7,500,515,-0.07217026772407675
0.7,500,516,-0.033061254298906606
0.7,500,517,0.0010268448465931002
0.7,500,518,-0.1280895764790928
0.7,500,519,-0.24820909044866335
0.7,500,520,-0.04446478688959643
0.7,500,521,-0.12510056388778534
0.7,500,522,-0.006606295549207664
0.7,500,523,0.021109692188898133
0.7,500,524,-0.008981168820663799
0.7,500,525,-0.004343047359718355
0.7,500,526,0.004987255789902667
0.7,500,527,0.007324229851756625
0.7,500,528,-0.11576699759476616
0.7,500,529,-0.02360910617205736
0.7,500,530,0.0014219228838360243
0.7,500,531,0.008877483634661565
0.7,500,532,-0.007412207879835098
0.7,500,533,-0.02536173530527197
0.7,500,534,-0.03674642263531802
0.7,500,535,-0.03511881691363983
0.7,500,536,-0.05442234423641956
0.7,500,537,-0.04582464246353646
0.7,500,538,-0.07467256262078914
0.7,500,539,0.005674627073291805
0.7,500,540,-0.05649007662763328
0.7,500,541,-0.1637243198386371
0.7,500,542,-0.05149171217797588
0.7,500,543,0.00142272303640123
0.7,500,544,-0.04746069301632172
0.7,500,545,-0.21468712107896648
0.7,500,546,-0.1420607673363128
0.7,500,547,0.017169256103061414
0.7,500,548,-0.0735328870393741
0.7,500,549,-0.08776872066220442
0.7,500,550,-0.27352212271779797
0.7,500,551,0.001606663949085707
0.7,500,552,-0.046645254771854994
0.7,500,553,-0.016051547125280674
0.7,500,554,0.01849159297008507
0.7,500,555,-0.015913803120820802
0.7,500,556,-0.04651312352788772
0.7,500,557,-0.06222922378299156
0.7,500,558,-0.0009329061234510938
0.7,500,559,-0.02951828149980784
0.7,500,560,0.0018916577133395451
0.7,500,561,-0.007477977844855932
0.7,500,562,-0.03022146569448325
0.7,500,563,-0.03069371694625178
0.7,500,564,-0.4216671631293307
0.7,500,565,-0.03705403779180583
0.7,500,566,-0.04495014412583287
0.7,500,567,-0.08496646535085439
0.7,500,568,-0.04352520235065005
0.7,500,569,-0.027153657092502836
0.7,500,570,0.035148802304280635
0.7,500,571,-0.061276934031850194
0.7,500,572,-0.08646469851398697
0.7,500,573,0.050828577440861444
0.7,500,574,-0.15092200919898047
0.7,500,575,-0.015006819211465627
0.7,500,576,-0.04187543634698132
0.7,500,577,-0.03624285749144951
0.7,500,578,0.01941025512526806
0.7,500,579,-0.12711849136602504
0.7,500,580,0.018587857195530688
0.7,500,581,-0.09143746761388916
0.7,500,582,-0.044664264880507565
0.7,500,583,-0.043757385279310945
0.7,500,584,-0.08930860574951449
0.7,500,585,-0.19668618085002043
0.7,500,586,-0.1792385219360999
0.7,500,587,0.008727708710859372
0.7,500,588,-0.02071983983537029
0.7,500,589,0.0035497537209934205
0.7,500,590,0.006938729003243438
0.7,500,591,-0.04996812066398437
0.7,500,592,-0.19146287809718765
0.7,500,593,-0.0019352657454521083
0.7,500,594,-0.0014376475063297978
0.7,500,595,0.01412446485410257
0.7,500,596,-0.08028215567800934
0.7,500,597,-0.0398579212884167
0.7,500,598,-0.07156037725112263
0.7,500,599,-0.09778545607956302
0.7,500,600,-0.14787521198610176
0.7,500,601,-0.04754707691185289
0.7,500,602,0.005180937544092878
0.7,500,603,-0.20068910782969285
0.7,500,604,-0.35160563878459494
0.7,500,605,-0.05046456685287026
0.7,500,606,-0.005550827722938578
0.7,500,607,-0.033208512621982766
0.7,500,608,-0.17534105540282452
0.7,500,609,-0.10245049149249441
0.7,500,610,-0.02281589538759854
0.7,500,611,-0.03388767108718005
0.7,500,612,-0.1655506633702406
0.7,500,613,-0.05463657109565978
0.7,500,614,-0.005142625522475575
0.7,500,615,-0.018559657213561342
0.7,500,616,-0.027248093165878062
0.7,500,617,-0.048990818039263084
0.7,500,618,-0.09772021929569763
0.7,500,619,-0.0131665182706866
0.7,500,620,-0.0534086983277986
0.7,500,621,-0.0012293086883710114
0.7,500,622,-0.10733620510899122
0.7,500,623,-0.008848493127449064
0.7,500,624,-0.2768456668438066
0.7,500,625,0.037423927152276604
0.7,500,626,-0.011752772814229928
0.7,500,627,-0.06834245581878395
0.7,500,628,-0.00020213883959341317
0.7,500,629,-0.09736045493756973
0.7,500,630,-0.03572726218845168
0.7,500,631,-0.1324948031284252
0.7,500,632,-0.06006811699148473
0.7,500,633,-0.008514799738181367
0.7,500,634,-0.002660411950692998
0.7,500,635,-0.06352880771160185
0.7,500,636,-0.04565759705542205
0.7,500,637,-0.06984270999481601
0.7,500,638,-0.00587894957332491
0.7,500,639,-0.00810720151932931
0.7,500,640,0.009720191030233472
0.7,500,641,-0.18813830269833742
0.7,500,642,-0.07073689743317457
0.7,500,643,-0.060592874693464305
0.7,500,644,-0.22604202426475029
0.7,500,645,-0.2300949537837058
0.7,500,646,-0.08781983430321061
0.7,500,647,-0.03430303945644786
0.7,500,648,-0.04521684600067055
0.7,500,649,-0.059113189114351705
0.7,500,650,-0.1212637836546877
0.7,500,651,-0.2933915818833328
0.7,500,652,-0.0305317275317869
0.7,500,653,-0.22346452039603104
0.7,500,654,0.003656161434107741
0.7,500,655,-0.069640630599477
0.7,500,656,-0.16319612413467666
0.7,500,657,-0.08526960738953449
0.7,500,658,-0.24621690651029615
0.7,500,659,-0.20455969624670867
0.7,500,660,-0.2049565974691887
0.7,500,661,-0.0279813054675635
0.7,500,662,-0.17658733682055283
0.7,500,663,-0.1855864718321889
0.7,500,664,-0.15901739923620672
0.7,500,665,-0.01364756723313909
0.7,500,666,0.013255298022077255
0.7,500,667,-0.147713748222998
0.7,500,668,-0.004881015938159594
0.7,500,669,-0.007524087965238291
0.7,500,670,-0.05816347821552581
0.7,500,671,-0.018904010760038004
0.7,500,672,-0.03439450606559569
0.7,500,673,-0.17640341425787232
0.7,500,674,-0.023304509962948083
0.7,500,675,-0.04030270951642145
0.7,500,676,-0.07430811880252453
0.7,500,677,-0.25872515315802724
0.7,500,678,-0.02931208135214547
0.7,500,679,-0.08474585494326381
0.7,500,680,-0.05435494098412175
0.7,500,681,-0.05460189913485913
0.7,500,682,-0.04999213378800604
0.7,500,683,-0.24762704738158003
0.7,500,684,-0.44075739256837787
0.7,500,685,-0.06555998820127473
0.7,500,686,-0.07431479913596606
0.7,500,687,-0.11724707417465918
0.7,500,688,-0.032618860298075036
0.7,500,689,-0.01966192965945801
0.7,500,690,0.03449947060047942
0.7,500,691,-0.06636313190589571
0.7,500,692,-0.10906863683451196
0.7,500,693,0.01015633929167159
0.7,500,694,-0.08067155197368425
0.7,500,695,-0.007078370422419766
0.7,500,696,-0.04388292812818673
0.7,500,697,-0.038647123895291235
0.7,500,698,-0.018718831441958184
0.7,500,699,-0.02808455610128724
0.7,500,700,-0.015219211098462804
0.7,500,701,-0.07921134507599281
0.7,500,702,-0.07758771999806191
0.7,500,703,-0.12076120646177779
0.7,500,704,-0.12676995815005188
0.7,500,705,-0.03221296693392395
0.7,500,706,-0.05565874541807547
0.7,500,707,-0.1127473319764365
0.7,500,708,-0.10766315953721017
0.7,500,709,0.003174196816326025
0.7,500,710,-0.061858990238568445
0.7,500,711,-0.0433262926638851
0.7,500,712,-0.024535882441589774
0.7,500,713,-0.02789456455817807
0.7,500,714,-0.045044034927016474
0.7,500,715,-0.07283923343151466
0.7,500,716,-0.029684386299470233
0.7,500,717,-0.0465834761583277
0.7,500,718,-0.03952386248020434
0.7,500,719,-0.2612598668507031
0.7,500,720,-0.018104066528550122
0.7,500,721,0.03447951515786618
0.7,500,722,-0.03954863786450047
0.7,500,723,-0.3277104406337574
0.7,500,724,-0.13780685323593134
0.7,500,725,-0.45897809292438896
0.7,500,726,-0.08498643440033482
0.7,500,727,-0.04216711473685297
0.7,500,728,0.009748269424040723
0.7,500,729,-0.019790445394073153
0.7,500,730,0.002864386506758354
0.7,500,731,-0.0029585863290875203
0.7,500,732,-0.12575599631509182
0.7,500,733,-0.2980859551327171
0.7,500,734,-0.038208308573498106
0.7,500,735,0.019667536728598445
0.7,500,736,-0.04851935973193866
0.7,500,737,-0.05574152159676493
0.7,500,738,-0.2226419364891663
0.7,500,739,-0.06380217472688887
0.7,500,740,-0.07627989598578089
0.7,500,741,-0.025477985543989057
0.7,500,742,-0.06968296538371344
0.7,500,743,-0.003262377207344791
0.7,500,744,-0.01760299260210063
0.7,500,745,-0.07599488573441637
0.7,500,746,-0.13251396805039528
0.7,500,747,-0.046421977079279086
0.7,500,748,0.01594994434940411
0.7,500,749,-0.04416087624257514
0.7,500,750,-0.017981831626300737
0.7,500,751,-0.05845492629079874
0.7,500,752,-0.04622767538606021
0.7,500,753,0.04355788837557473
0.7,500,754,-0.10439033851073676
0.7,500,755,-0.06215475475372778
0.7,500,756,-0.07821300569141587
0.7,500,757,-0.062328348823269764
0.7,500,758,-0.04453721473912786
0.7,500,759,-0.006975918058934383
0.7,500,760,-0.09702410246515347
0.7,500,761,-0.09237904143937592
0.7,500,762,0.015075990087771829
0.7,500,763,0.02207715197378468
0.7,500,764,-0.114979087057683
0.7,500,765,0.06574417374347186
0.7,500,766,-0.14990730445367761
0.7,500,767,-0.015889942212761854
0.7,500,768,-0.05699488585958834
0.7,500,769,-0.10196241292973363
0.7,500,770,-0.06693472220250452
0.7,500,771,-0.055727063469636295
0.7,500,772,-0.0636187098867993
0.7,500,773,-0.119525309556203
0.7,500,774,0.01923428567870955
0.7,500,775,-0.027034273215731153
0.7,500,776,-0.19069401944927789
0.7,500,777,-0.04366239306917907
0.7,500,778,-0.245843748796297
0.7,500,779,-0.1232569025256176
0.7,500,780,-0.060498696708155775
0.7,500,781,-0.06693435660247782
0.7,500,782,-0.3492019233680228
0.7,500,783,-0.0241897447382744
0.7,500,784,0.032407480751259654
0.7,500,785,-0.0004072017417000584
0.7,500,786,-0.06718170038400606
0.7,500,787,-0.1387298283773193
0.7,500,788,-0.15998923404278131
0.7,500,789,0.017646774081433225
0.7,500,790,-0.02746454115721253
0.7,500,791,-0.08746050961493013
0.7,500,792,0.05793168889210909
0.7,500,793,-0.08214952651006624
0.7,500,794,0.006316165504330895
0.7,500,795,0.040269655371412694
0.7,500,796,-0.24399940778148999
0.7,500,797,-0.0919762007663798
0.7,500,798,0.026831132891138587
0.7,500,799,-0.10769189925512301
0.7,500,800,-0.04515213689573061
0.7,500,801,-0.061536293400280107
0.7,500,802,-0.2445046984764967
0.7,500,803,-0.06562163283080191
0.7,500,804,-0.06392727210653848
0.7,500,805,-0.04451473377909787
0.7,500,806,-0.2911352334458597
0.7,500,807,-0.06242777325241167
0.7,500,808,0.02258472845027859
0.7,500,809,-0.5119633994696529
0.7,500,810,-0.09360352184403631
0.7,500,811,-0.05756304954610103
0.7,500,812,-0.08234694545899757
0.7,500,813,-0.034587550220657404
0.7,500,814,0.0040709140721464365
0.7,500,815,-0.026420900950755444
0.7,500,816,-0.05377756338672324
0.7,500,817,-0.0014228989453073382
0.7,500,818,0.05605544248378225
0.7,500,819,-0.009739870823872288
0.7,500,820,0.020283860841816104
0.7,500,821,-0.020967482666496284
0.7,500,822,-0.020307082473959293
0.7,500,823,0.00750605056781295
0.7,500,824,-0.012847204065901785
0.7,500,825,-0.0203953309665319
0.7,500,826,-0.04449274221839339
0.7,500,827,-0.08165428560407562
0.7,500,828,-0.0032235810926217745
0.7,500,829,-0.062217364669675534
0.7,500,830,-0.3141316671508294
0.7,500,831,-0.16305033047306328
0.7,500,832,-0.011476826583130428
0.7,500,833,0.029694415813083297
0.7,500,834,-0.045415616190622066
0.7,500,835,-0.129898447686968
0.7,500,836,-0.2663886549724723
0.7,500,837,-0.008522504898052619
0.7,500,838,-0.12440903964202454
0.7,500,839,-0.02443174103801571
0.7,500,840,-0.019955387595452567
0.7,500,841,-0.18205720013258198
0.7,500,842,-0.10455794558262888
0.7,500,843,0.02001443188581231
0.7,500,844,0.026709595535225006
0.7,500,845,-0.007205436350187
0.7,500,846,-0.007688271817509307
0.7,500,847,-0.07480677662370616
0.7,500,848,-0.3289024264994582
0.7,500,849,-0.06645470913622797
0.7,500,850,-0.035681996254074644
0.7,500,851,-0.12504202368442274
0.7,500,852,-0.05354856791716944
0.7,500,853,-0.0966734834719496
0.7,500,854,-0.051853629447221605
0.7,500,855,-0.04487708709197613
0.7,500,856,-0.0833374011510013
0.7,500,857,-0.05404094719314312
0.7,500,858,-0.13645869933181065
0.7,500,859,-0.06110692470012413
0.7,500,860,0.015688196764086615
0.7,500,861,-0.02838938136172775
0.7,500,862,-0.10256284807910832
0.7,500,863,-0.12484157305594268
0.7,500,864,-0.16015934356613926
0.7,500,865,-0.09237977894337934
0.7,500,866,-0.025637461226662994
0.7,500,867,-0.17473072798880285
0.7,500,868,-0.02621886242991156
0.7,500,869,-0.0457315769088078
0.7,500,870,-0.05925286027042764
0.7,500,871,-0.050092692045416554
0.7,500,872,-0.046908703001096175
0.7,500,873,0.01695165747688754
0.7,500,874,-0.06190243578925858
0.7,500,875,-0.021589793986423134
0.7,500,876,-0.08917858462545003
0.7,500,877,-0.06339860592723201
0.7,500,878,-0.00468648829461582
0.7,500,879,-0.031455720536118115
0.7,500,880,-0.038426090238773414
0.7,500,881,0.03749377595196912
0.7,500,882,0.0003808086358021434
0.7,500,883,-0.2302016064817256
0.7,500,884,-0.024925530013016672
0.7,500,885,0.01264452747117406
0.7,500,886,-0.18960331894146543
0.7,500,887,-0.0478144475181268
0.7,500,888,-0.050472309885977396
0.7,500,889,-0.1029488644184322
0.7,500,890,-0.18194560981871133
0.7,500,891,-0.1755421747705317
0.7,500,892,-0.10597972868352223
0.7,500,893,-0.18368057745349375
0.7,500,894,-0.05562536964999576
0.7,500,895,-0.05580253672683222
0.7,500,896,-0.11515222869218733
0.7,500,897,-0.005973129328611382
0.7,500,898,-0.04337591696703824
0.7,500,899,0.04330002621058904
0.7,500,900,-0.11564889842745418
0.7,500,901,-0.00662653508571176
0.7,500,902,0.005498639462901966
0.7,500,903,-0.28512531390685125
0.7,500,904,-0.1370369663225628
0.7,500,905,-0.2633831304837071
0.7,500,906,-0.05896929790681549
0.7,500,907,-0.18864340870723884
0.7,500,908,-0.24723594276563832
0.7,500,909,-0.05887936955692852
0.7,500,910,-0.19637660827480596
0.7,500,911,-0.10078010767731582
0.7,500,912,-0.14090717781998952
0.7,500,913,-0.0013613837817194607
0.7,500,914,0.013576538366064317
0.7,500,915,-0.05610633919021857
0.7,500,916,-0.06338798417585756
0.7,500,917,-0.007654287406178462
0.7,500,918,-0.03608219530321222
0.7,500,919,-0.005870401060455777
0.7,500,920,-0.022174776362408277
0.7,500,921,-0.0217703105289746
0.7,500,922,0.011118848190988628
0.7,500,923,-0.03107673662936894
0.7,500,924,-0.05395464683539575
0.7,500,925,-0.02301682971182073
0.7,500,926,-0.048445053978189545
0.7,500,927,-0.002191574897870696
0.7,500,928,-0.07870269829165344
0.7,500,929,-0.2741634569222253
0.7,500,930,-0.07551210074163639
0.7,500,931,-0.17210497539062275
0.7,500,932,-0.08396054537195141
0.7,500,933,-0.07416203808493549
0.7,500,934,-0.009036445945105553
0.7,500,935,-0.09032606834486168
0.7,500,936,-0.011829776420006377
0.7,500,937,0.01793633769489178
0.7,500,938,-0.06430773659697242
0.7,500,939,0.02037661892920284
0.7,500,940,0.010074491310634981
0.7,500,941,-0.06592474293638584
0.7,500,942,-0.13241080483707135
0.7,500,943,-0.2445845926472483
0.7,500,944,-0.04522144276322004
0.7,500,945,0.011960540074947512
0.7,500,946,0.013678620507948769
0.7,500,947,0.025394528968696095
0.7,500,948,-0.010268804715806157
0.7,500,949,-0.06947657906365556
0.7,500,950,-0.04317520579745415
0.7,500,951,-0.05031100464148741
0.7,500,952,-0.23001601351999068
0.7,500,953,-0.042522543212303754
0.7,500,954,-0.030967867082329237
0.7,500,955,-0.0033995430660724857
0.7,500,956,-0.05517854024521607
0.7,500,957,0.010611922753253178
0.7,500,958,-0.031096620407738085
0.7,500,959,-0.016841948581025168
0.7,500,960,-0.18842694787294212
0.7,500,961,-0.04938251920688996
0.7,500,962,-0.030491395228065654
0.7,500,963,0.05968290349682359
0.7,500,964,-0.09383190171865441
0.7,500,965,-0.3427459852846264
0.7,500,966,-0.08554730475666483
0.7,500,967,-0.20712714013976652
0.7,500,968,-0.07296201584249018
0.7,500,969,-0.05271245921625378
0.7,500,970,-0.0944602390772531
0.7,500,971,0.043386883903583584
0.7,500,972,-0.00494600205902751
0.7,500,973,-0.0654187884373516
0.7,500,974,-0.047323663599550425
0.7,500,975,-0.09286863428633785
0.7,500,976,-0.10076156601017772
0.7,500,977,-0.07934039059503406
0.7,500,978,-0.06806303938308433
0.7,500,979,-0.054161068275770274
0.7,500,980,-0.11081463748728027
0.7,500,981,-0.08862247378541732
0.7,500,982,-0.05024849286586108
0.7,500,983,0.024226667028216298
0.7,500,984,0.009904626984883924
0.7,500,985,-0.08454907013973578
0.7,500,986,-0.05244231165239821
0.7,500,987,-0.15147569122744686
0.7,500,988,0.005633942417730631
0.7,500,989,-0.0028595250715433007
0.7,500,990,-0.03643155813523058
0.7,500,991,-0.029587955836682056
0.7,500,992,-0.07965910495748041
0.7,500,993,-0.011778881724586077
0.7,500,994,-0.11065136173035972
0.7,500,995,-0.16458259809399123
0.7,500,996,-0.05815412507924589
0.7,500,997,-0.0699609022428862
0.7,500,998,-0.10880012969942165
0.7,500,999,-0.03850533426507585
1.8,100,0,-0.5453715104895736
1.8,100,1,-0.2735865988379609
1.8,100,2,-0.43760559989207226
1.8,100,3,-0.5604136384745526
1.8,100,4,-0.43420418173047626
1.8,100,5,-0.5295727760711875
1.8,100,6,-0.692799314750868
1.8,100,7,-0.6010040699714907
1.8,100,8,-0.46792202315317355
1.8,100,9,-0.8231727029293616
1.8,100,10,-0.5182676764151379
1.8,100,11,-0.9177729637091359
1.8,100,12,-1.5094295956663415
1.8,100,13,-0.5382723112916596
1.8,100,14,-0.919110553455651
1.8,100,15,-0.3790027059400325
1.8,100,16,-0.545327547841779
1.8,100,17,-0.47182296866315454
1.8,100,18,-0.7999064489308483
1.8,100,19,-0.47447419267940827
1.8,100,20,-0.3896464115450238
1.8,100,21,-0.8885285571733261
1.8,100,22,-0.6070626523164295
1.8,100,23,-0.5319780999009514
1.8,100,24,-0.5170854966929339
1.8,100,25,-0.4309371843056955
1.8,100,26,-0.43195447742444504
1.8,100,27,-0.7173586158629437
1.8,100,28,-0.4161845111342386
1.8,100,29,-0.31860848621041127
1.8,100,30,-0.3383647807411678
1.8,100,31,-0.650572748388488
1.8,100,32,-0.7163712335165979
1.8,100,33,-0.2671638462932002
1.8,100,34,-0.5281630938666315
1.8,100,35,-0.7170295466785157
1.8,100,36,-0.44400324888452425
1.8,100,37,-0.46750418030795315
1.8,100,38,-0.3412310011230484
1.8,100,39,-0.5800622377517604
1.8,100,40,-0.32543986990806717
1.8,100,41,-1.0110987519499832
1.8,100,42,-0.7145889590145638
1.8,100,43,-0.3972081532519194
1.8,100,44,-0.5258621540069268
1.8,100,45,-0.33469028047380434
1.8,100,46,-0.291575355456839
1.8,100,47,-0.4523702409001109
1.8,100,48,-0.41377650887868955
1.8,100,49,-0.6101690687920631
1.8,100,50,-0.4332224329958454
1.8,100,51,-1.038721356879155
1.8,100,52,-0.5564779305238827
1.8,100,53,-0.682434440645463
1.8,100,54,-0.5170577830345324
1.8,100,55,-0.643561560853485
1.8,100,56,-0.5645725037339493
1.8,100,57,-0.4859339238277678
1.8,100,58,-0.6187578923725432
1.8,100,59,-0.8956081884749216
1.8,100,60,-0.533704428803663
1.8,100,61,-0.5473315920063209
1.8,100,62,-0.7711783851678276
1.8,100,63,-0.6275900024955676
1.8,100,64,-1.0269391248386222
1.8,100,65,-0.26082362479610977
1.8,100,66,-0.7526513199641118
1.8,100,67,-0.4669385384318516
1.8,100,68,-0.7190072628631727
1.8,100,69,-0.8267865920185316
1.8,100,70,-0.34656711603713863
1.8,100,71,-0.5688916452863158
1.8,100,72,-0.44719797497436486
1.8,100,73,-0.3825041680873078
1.8,100,74,-0.4886414888705266
1.8,100,75,-0.3821759102844111
1.8,100,76,-0.6062642694988369
1.8,100,77,-0.650786436497623
1.8,100,78,-0.5631068980964118
1.8,100,79,-0.6838398681555611
1.8,100,80,-0.4934412820459082
1.8,100,81,-0.38608387973798153
1.8,100,82,-0.4845843066268227
1.8,100,83,-0.4487768817795643
1.8,100,84,-0.3942463821382063
1.8,100,85,-0.44631752956446147
1.8,100,86,-0.3205812109400774
1.8,100,87,-0.6015303303072692
1.8,100,88,-0.9030359666682453
1.8,100,89,-0.38061467680525274
1.8,100,90,-0.45959224727319636
1.8,100,91,-0.5589693950509806
1.8,100,92,-0.6465244196757438
1.8,100,93,-0.5336773101250634
1.8,100,94,-0.6739880664013138
1.8,100,95,-0.3981435264106956
1.8,100,96,-0.5484106288732826
1.8,100,97,-0.40714493979617483
1.8,100,98,-0.5947801862543043
1.8,100,99,-0.3304915204940293
1.8,100,100,-0.6317945708353521
1.8,100,101,-0.5681263139370729
1.8,100,102,-0.3768207893303903
1.8,100,103,-0.6896425416875729
1.8,100,104,-0.5878446293209179
1.8,100,105,-0.47512456591765506
1.8,100,106,-0.5426923545070195
1.8,100,107,-0.4286559426032175
1.8,100,108,-0.6864816609415847
1.8,100,109,-0.49545693236035815
1.8,100,110,-0.6164467638850135
1.8,100,111,-0.48733628829139386
1.8,100,112,-0.4182989943499136
1.8,100,113,-0.3723339836260262
1.8,100,114,-0.5963043511090353
1.8,100,115,-0.8945477081099995
1.8,100,116,-0.36104259203327027
1.8,100,117,-0.4370484604876834
1.8,100,118,-1.038252135920652
1.8,100,119,-0.4807676811729227
1.8,100,120,-0.5530777437725565
1.8,100,121,-0.5870576449145317
1.8,100,122,-0.5154379335832098
1.8,100,123,-0.4779776064556627
1.8,100,124,-0.944849023344619
1.8,100,125,-0.47226056248833537
1.8,100,126,-0.530681645622394
1.8,100,127,-0.6926552741996508
1.8,100,128,-0.5159673962409559
1.8,100,129,-0.44136532813535956
1.8,100,130,-0.5066118322809361
1.8,100,131,-0.3206205941531448
1.8,100,132,-0.419450227578964
1.8,100,133,-0.39931142521532137
1.8,100,134,-0.4562180900665205
1.8,100,135,-0.5299294601147213
1.8,100,136,-0.7138213062756384
1.8,100,137,-1.1367898513552737
1.8,100,138,-0.4505891655557843
1.8,100,139,-0.5086360669609886
1.8,100,140,-0.6692652058171751
1.8,100,141,-0.41303321452494246
1.8,100,142,-0.8864094962525177
1.8,100,143,-0.26774379200921206
1.8,100,144,-0.5052862515321352
1.8,100,145,-0.5776522040382517
1.8,100,146,-0.743119566837777
1.8,100,147,-0.4095736428544572
1.8,100,148,-0.5817704835992794
1.8,100,149,-0.2667396683946288
1.8,100,150,-0.56261388401408
1.8,100,151,-0.6746646143348667
1.8,100,152,-0.6652314082012258
1.8,100,153,-0.5047703757531681
1.8,100,154,-1.0584461421083153
1.8,100,155,-0.6179312099715262
1.8,100,156,-0.649196606657412
1.8,100,157,-0.4265367629245793
1.8,100,158,-0.384235853649072
1.8,100,159,-0.6471909440926729
1.8,100,160,-0.9411976487272375
1.8,100,161,-0.4037295565728134
1.8,100,162,-0.7928135086662218
1.8,100,163,-0.9096566985891525
1.8,100,164,-0.7477326607788064
1.8,100,165,-0.5406686817949866
1.8,100,166,-0.5749137181265525
1.8,100,167,-0.5208218000400986
1.8,100,168,-0.535925966898047
1.8,100,169,-0.3381177437538758
1.8,100,170,-0.7032675185380652
1.8,100,171,-0.46098329748515376
1.8,100,172,-0.9412300733868169
1.8,100,173,-0.9041743045279613
1.8,100,174,-0.3950991924200311
1.8,100,175,-0.5516905909185927
1.8,100,176,-0.8270345441321287
1.8,100,177,-0.98872240589238
1.8,100,178,-0.3850759766516896
1.8,100,179,-0.41533480903623676
1.8,100,180,-0.3798332647797027
1.8,100,181,-0.3166984458427611
1.8,100,182,-0.39691279087034914
1.8,100,183,-0.47040715199566097
1.8,100,184,-0.5212188428798019
1.8,100,185,-0.7311314734106849
1.8,100,186,-1.0911834436854742
1.8,100,187,-0.7070735860182282
1.8,100,188,-0.608982128861324
1.8,100,189,-0.727507638403122
1.8,100,190,-0.785036738122296
1.8,100,191,-0.3953587678779342
1.8,100,192,-0.9070864256132927
1.8,100,193,-0.4195348343949803
1.8,100,194,-0.8209349530258927
1.8,100,195,-0.5852993217188007
1.8,100,196,-0.44841694736781323
1.8,100,197,-0.4422885749106329
1.8,100,198,-0.47544150559949205
1.8,100,199,-0.6464512008592027
1.8,100,200,-0.7004412421226258
1.8,100,201,-0.4802649574371025
1.8,100,202,-0.6126784313924944
1.8,100,203,-0.4157162765156386
1.8,100,204,-0.4325024728509952
1.8,100,205,-0.5914880944529182
1.8,100,206,-0.43738904064924
1.8,100,207,-0.536266437946219
1.8,100,208,-0.4031718314663566
1.8,100,209,-0.408499241764549
1.8,100,210,-0.8340457577538081
1.8,100,211,-0.4630594064824287
1.8,100,212,-0.3642655363585292
1.8,100,213,-0.5371191767719177
1.8,100,214,-1.0186390798597529
1.8,100,215,-0.4301960027023717
1.8,100,216,-0.5463968459908215
1.8,100,217,-0.44245582823802976
1.8,100,218,-0.6474688700986411
1.8,100,219,-0.4616355106506733
1.8,100,220,-0.4758039489552799
1.8,100,221,-0.8011890592187043
1.8,100,222,-0.4295698248788624
1.8,100,223,-0.4207432142085583
1.8,100,224,-0.3626746341931548
1.8,100,225,-0.5111801356852426
1.8,100,226,-0.5003157967442471
1.8,100,227,-0.514120897515691
1.8,100,228,-0.6229383144703364
1.8,100,229,-0.45340719534930307
1.8,100,230,-0.42591690667791804
1.8,100,231,-0.5832982517340153
1.8,100,232,-0.6423395346861238
1.8,100,233,-0.6585451554184458
1.8,100,234,-0.5353697455131501
1.8,100,235,-0.43758116317039275
1.8,100,236,-0.669332373663097
1.8,100,237,-0.402330845005038
1.8,100,238,-0.8613894141015093
1.8,100,239,-0.6256151642591765
1.8,100,240,-0.4758706020145176
1.8,100,241,-0.4534915292446131
1.8,100,242,-0.5029594765782097
1.8,100,243,-0.4601383360246465
1.8,100,244,-0.5270173755101348
1.8,100,245,-0.7098791882443456
1.8,100,246,-0.46567944432117603
1.8,100,247,-0.4640593784888274
1.8,100,248,-0.5717602175949827
1.8,100,249,-0.6417745131589843
1.8,100,250,-0.5435874057119208
1.8,100,251,-0.5205441274115028
1.8,100,252,-0.3559835889959162
1.8,100,253,-0.67290247747207
1.8,100,254,-0.5398203885642676
1.8,100,255,-0.5492604886361911
1.8,100,256,-0.5775587311770884
1.8,100,257,-0.5981645527243187
1.8,100,258,-1.0897431997755107
1.8,100,259,-0.5682691769409707
1.8,100,260,-0.7533072995920982
1.8,100,261,-0.5967843910391921
1.8,100,262,-0.48076784288803
1.8,100,263,-0.47065006324517866
1.8,100,264,-0.5627169994141155
1.8,100,265,-0.6660365904920083
1.8,100,266,-0.4461541850477202
1.8,100,267,-0.5849942687632681
1.8,100,268,-0.34081995113188746
1.8,100,269,-0.575205810565599
1.8,100,270,-0.8051372405488302
1.8,100,271,-0.4153467545861387
1.8,100,272,-0.36441185780233876
1.8,100,273,-1.0218479071948599
1.8,100,274,-0.3021017231015062
1.8,100,275,-0.41361991769378825
1.8,100,276,-0.6603376237312404
1.8,100,277,-0.6323810863249066
1.8,100,278,-0.6053503956130095
1.8,100,279,-0.4302474194099952
1.8,100,280,-0.4332653708809162
1.8,100,281,-0.6566109923811518
1.8,100,282,-0.43060141375934724
1.8,100,283,-0.4216058640386744
1.8,100,284,-0.40625389827729985
1.8,100,285,-0.46404133509394807
1.8,100,286,-0.5334996151955882
1.8,100,287,-0.7024304253413185
1.8,100,288,-0.622154212135914
1.8,100,289,-0.5702137022102545
1.8,100,290,-0.4569345348679541
1.8,100,291,-0.3533618265473628
1.8,100,292,-0.3987313431961321
1.8,100,293,-0.5520530560031331
1.8,100,294,-0.46410702815526816
1.8,100,295,-0.3923128126930362
1.8,100,296,-0.3893872986264031
1.8,100,297,-0.5672232968178448
1.8,100,298,-1.276736343461383
1.8,100,299,-0.2415350863634964
1.8,100,300,-0.4821660017185183
1.8,100,301,-0.5031259359325451
1.8,100,302,-0.6039477319993605
1.8,100,303,-0.4696600472156822
1.8,100,304,-0.4631115282481002
1.8,100,305,-0.6000141328409732
1.8,100,306,-0.4596143744735346
1.8,100,307,-0.4677067577597822
1.8,100,308,-0.4736705018006231
1.8,100,309,-0.6573856264763691
1.8,100,310,-1.0219552984701434
1.8,100,311,-0.39194915155749066
1.8,100,312,-0.5764715319582805
1.8,100,313,-0.5603232631398902
1.8,100,314,-0.6859679422678833
1.8,100,315,-0.34940789792168103
1.8,100,316,-0.6451505869429044
1.8,100,317,-0.8398374309968184
1.8,100,318,-0.5459199585093897
1.8,100,319,-1.4204906372166652
1.8,100,320,-0.585402937486466
1.8,100,321,-0.48157773130800297
1.8,100,322,-0.6476175414553356
1.8,100,323,-0.33727581970743037
1.8,100,324,-0.8545318612056412
1.8,100,325,-0.787235099114032
1.8,100,326,-0.3297366700934943
1.8,100,327,-0.5078729829444752
1.8,100,328,-0.4927288984710845
1.8,100,329,-0.4281686064173824
1.8,100,330,-0.46630019801740175
1.8,100,331,-0.49249099933678053
1.8,100,332,-0.43915665257780656
1.8,100,333,-0.5463740078643382
1.8,100,334,-0.5237111970780655
1.8,100,335,-0.5681041707142884
1.8,100,336,-0.9763928426708095
1.8,100,337,-0.7385430590716384
1.8,100,338,-0.3989697150208784
1.8,100,339,-0.5347911320163086
1.8,100,340,-0.7510976187566365
1.8,100,341,-0.36837685549799826
1.8,100,342,-0.4865199443406276
1.8,100,343,-0.7205358641165303
1.8,100,344,-0.5839909015503391
1.8,100,345,-0.9851724968001192
1.8,100,346,-0.427277674829333
1.8,100,347,-1.1128494606540178
1.8,100,348,-0.4891485881315554
1.8,100,349,-0.9408202026031494
1.8,100,350,-0.7862306689178549
1.8,100,351,-0.4298965709817619
1.8,100,352,-0.3645215377583666
1.8,100,353,-0.6888105688282435
1.8,100,354,-0.4411428516644409
1.8,100,355,-0.5141602109407013
1.8,100,356,-0.7312250938117504
1.8,100,357,-1.0258013792953808
1.8,100,358,-0.4872920870630253
1.8,100,359,-0.545909948714951
1.8,100,360,-0.3333685133360247
1.8,100,361,-0.4171269522194363
1.8,100,362,-0.3537507005187137
1.8,100,363,-0.3208368732543825
1.8,100,364,-0.3997180570447756
1.8,100,365,-0.627762209452204
1.8,100,366,-0.48810431542546673
1.8,100,367,-0.6580029527126101
1.8,100,368,-0.6391501263336434
1.8,100,369,-0.6027837335946344
1.8,100,370,-0.8687132966547575
1.8,100,371,-0.6164116862048885
1.8,100,372,-0.32007932250161053
1.8,100,373,-0.264060529042788
1.8,100,374,-0.5559289156509413
1.8,100,375,-0.43364713524902987
1.8,100,376,-0.6030500495301787
1.8,100,377,-0.6613508502918435
1.8,100,378,-0.5726425637934678
1.8,100,379,-0.6325783830681564
1.8,100,380,-0.4603835702702168
1.8,100,381,-0.420900939193382
1.8,100,382,-0.37672104133678297
1.8,100,383,-0.5790543742180745
1.8,100,384,-0.4283500730536256
1.8,100,385,-0.4228762288674206
1.8,100,386,-0.34955145476386096
1.8,100,387,-0.7502245407077655
1.8,100,388,-0.3716045850761669
1.8,100,389,-0.41277880923679944
1.8,100,390,-0.46501881725715655
1.8,100,391,-0.6565790131888318
1.8,100,392,-0.7501595248802904
1.8,100,393,-0.6292652782948513
1.8,100,394,-0.5550078856409149
1.8,100,395,-0.6946634246438899
1.8,100,396,-0.4855711686392097
1.8,100,397,-0.3794692471288448
1.8,100,398,-0.45454432191285044
1.8,100,399,-0.5474519336323629
1.8,100,400,-0.4107002611387829
1.8,100,401,-0.4725562144665869
1.8,100,402,-0.5521236664808602
1.8,100,403,-0.46452453512342684
1.8,100,404,-0.4689966511789141
1.8,100,405,-0.39697615811900566
1.8,100,406,-0.6752254736111989
1.8,100,407,-0.8193749730676363
1.8,100,408,-0.37250816234662265
1.8,100,409,-0.6867472630011884
1.8,100,410,-0.4881065179476154
1.8,100,411,-1.0264068968133402
1.8,100,412,-0.3898578688195029
1.8,100,413,-0.7712803543428834
1.8,100,414,-0.9116983546260817
1.8,100,415,-0.46532161757735313
1.8,100,416,-0.5173191412044404
1.8,100,417,-0.5921819325277542
1.8,100,418,-0.805184538861246
1.8,100,419,-0.36317909439747686
1.8,100,420,-0.473159841475679
1.8,100,421,-0.6461392498343659
1.8,100,422,-0.3547280345953796
1.8,100,423,-0.43539873872745805
1.8,100,424,-0.5604207797876166
1.8,100,425,-0.630312948073563
1.8,100,426,-0.5697445537349264
1.8,100,427,-0.8821136759259589
1.8,100,428,-0.49605644856436415
1.8,100,429,-0.44985270258844756
1.8,100,430,-0.47997028709911826
1.8,100,431,-0.5341988708100558
1.8,100,432,-0.6143733817629475
1.8,100,433,-0.57811464570237
1.8,100,434,-0.451198167965966
1.8,100,435,-0.5884550000308979
1.8,100,436,-0.6070541975669586
1.8,100,437,-1.1240571380552167
1.8,100,438,-0.49666966817424907
1.8,100,439,-0.9690926543559424
1.8,100,440,-0.5753211650534114
1.8,100,441,-0.5359071012753873
1.8,100,442,-0.3340654526995288
1.8,100,443,-0.5377708652344919
1.8,100,444,-0.624974568271172
1.8,100,445,-0.4189362440590456
1.8,100,446,-0.5828758305930115
1.8,100,447,-0.39315979690554737
1.8,100,448,-0.7258043181853395
1.8,100,449,-0.5868146980900448
1.8,100,450,-0.5433488380113121
1.8,100,451,-0.6883436971868433
1.8,100,452,-0.8455246677421209
1.8,100,453,-0.5922262215534648
1.8,100,454,-0.5326159480347237
1.8,100,455,-0.4273246578515446
1.8,100,456,-0.4928610058599052
1.8,100,457,-0.7923370458483625
1.8,100,458,-0.5936126422417318
1.8,100,459,-0.5671001447189921
1.8,100,460,-0.3518208302721286
1.8,100,461,-0.5621731140518227
1.8,100,462,-0.3972838173837747
1.8,100,463,-0.6855906946604993
1.8,100,464,-0.5920212432165155
1.8,100,465,-0.5790768945900069
1.8,100,466,-0.4574797650163567
1.8,100,467,-0.8677832447735379
1.8,100,468,-0.5549965842015365
1.8,100,469,-1.1685731204081553
1.8,100,470,-0.38915838025416605
1.8,100,471,-1.4072328618273162
1.8,100,472,-0.3069218560283242
1.8,100,473,-0.535286037301969
1.8,100,474,-0.3553110220744753
1.8,100,475,-0.5416208427849933
1.8,100,476,-0.9036021724843306
1.8,100,477,-0.42389503357927305
1.8,100,478,-0.5784840314987272
1.8,100,479,-0.5095764372607696
1.8,100,480,-0.5923397553144532
1.8,100,481,-0.4868992313372078
1.8,100,482,-0.504329244633779
1.8,100,483,-0.4798974181548912
1.8,100,484,-0.6834443133030919
1.8,100,485,-0.345269750833352
1.8,100,486,-0.6508415692095504
1.8,100,487,-0.5336870280996882
1.8,100,488,-0.2867583148070001
1.8,100,489,-0.8143032804031973
1.8,100,490,-0.5213893224691215
1.8,100,491,-0.8562191388514193
1.8,100,492,-0.5701186743785749
1.8,100,493,-0.5159315567116896
1.8,100,494,-0.797954496630932
1.8,100,495,-0.6689237172951965
1.8,100,496,-0.4137149581646462
1.8,100,497,-0.5840133103353597
1.8,100,498,-0.3683427862419517
1.8,100,499,-0.5335668839198395
1.8,100,500,-0.8479576580304913
1.8,100,501,-0.4390081993274715
1.8,100,502,-0.24947208912662644
1.8,100,503,-0.4915932406591996
1.8,100,504,-1.1644754740391896
1.8,100,505,-0.783390586082928
1.8,100,506,-0.4267401445580987
1.8,100,507,-0.7496363433207396
1.8,100,508,-0.35453948255532897
1.8,100,509,-0.3392092317339692
1.8,100,510,-0.33053508394825215
1.8,100,511,-0.37566757813419893
1.8,100,512,-0.7715312049827685
1.8,100,513,-0.3636765486526179
1.8,100,514,-1.0342714060083282
1.8,100,515,-0.44132534413199176
1.8,100,516,-0.4134693191651275
1.8,100,517,-0.31291096250599937
1.8,100,518,-0.41563118803018817
1.8,100,519,-0.4583731443765231
1.8,100,520,-0.3833370007127943
1.8,100,521,-0.38983459462935444
1.8,100,522,-0.8750549709872089
1.8,100,523,-0.47778858372730393
1.8,100,524,-0.593540384308185
1.8,100,525,-0.5934311343746164
1.8,100,526,-0.5338694652555305
1.8,100,527,-0.3526948182895442
1.8,100,528,-0.6039493197535968
1.8,100,529,-0.5500975830197095
1.8,100,530,-0.43646818086500194
1.8,100,531,-0.4584119936332989
1.8,100,532,-0.40831262573194005
1.8,100,533,-0.5271759472584456
1.8,100,534,-0.598675588775645
1.8,100,535,-0.5677035778080433
1.8,100,536,-0.8180393986329557
1.8,100,537,-0.4861726300723326
1.8,100,538,-0.5114805928079118
1.8,100,539,-0.5154009069367684
1.8,100,540,-0.48580035208127303
1.8,100,541,-0.4151052846592187
1.8,100,542,-0.5407360709709386
1.8,100,543,-0.4138984049587777
1.8,100,544,-0.4636404868703341
1.8,100,545,-0.34676782148271923
1.8,100,546,-0.5730669705651481
1.8,100,547,-0.7298575487267644
1.8,100,548,-0.3138891706264386
1.8,100,549,-0.7620402442297554
1.8,100,550,-0.5633971229280212
1.8,100,551,-0.3292680537338788
1.8,100,552,-0.6215494092826517
1.8,100,553,-0.32974125057961556
1.8,100,554,-0.42208721535442484
1.8,100,555,-0.528535604789387
1.8,100,556,-0.9010490496228645
1.8,100,557,-0.3159163611664053
1.8,100,558,-0.32838897405751033
1.8,100,559,-0.44457169730913737
1.8,100,560,-0.5155299955057604
1.8,100,561,-0.6687253098263846
1.8,100,562,-0.41385501325352037
1.8,100,563,-0.4187917939586021
1.8,100,564,-0.5167236698123858
1.8,100,565,-0.570576851344724
1.8,100,566,-0.5217097552680021
1.8,100,567,-0.8802025015958488
1.8,100,568,-0.4094958615918334
1.8,100,569,-0.412978972484662
1.8,100,570,-0.30185680231697654
1.8,100,571,-0.48653013027001024
1.8,100,572,-0.7235282438176718
1.8,100,573,-0.641460973482876
1.8,100,574,-0.5650476027075713
1.8,100,575,-0.6724936850359897
1.8,100,576,-0.460498458802014
1.8,100,577,-0.7118854909774028
1.8,100,578,-0.47603887901184017
1.8,100,579,-0.371693703629173
1.8,100,580,-0.43786541537877977
1.8,100,581,-0.3924343884500294
1.8,100,582,-0.5408389728574656
1.8,100,583,-0.5795382912888147
1.8,100,584,-0.6615470580561906
1.8,100,585,-0.3734862294817969
1.8,100,586,-0.6687934482597067
1.8,100,587,-0.3734031704168048
1.8,100,588,-0.6452397132683163
1.8,100,589,-0.7114653279376157
1.8,100,590,-0.5896901202767697
1.8,100,591,-0.6447637057857656
1.8,100,592,-0.49912631670007834
1.8,100,593,-0.5048263276473661
1.8,100,594,-0.6160591032757088
1.8,100,595,-0.6710456329992003
1.8,100,596,-0.34965052651414275
1.8,100,597,-0.6212992974214588
1.8,100,598,-0.7622873288786265
1.8,100,599,-0.44441431121514796
1.8,100,600,-0.4226870326935357
1.8,100,601,-0.4466126648621844
1.8,100,602,-0.976243739878905
1.8,100,603,-0.5585866542207236
1.8,100,604,-0.38858691054948635
1.8,100,605,-0.6360265875021975
1.8,100,606,-0.5779791574822828
1.8,100,607,-0.7429055871724612
1.8,100,608,-0.4664074695070137
1.8,100,609,-0.7613640450967607
1.8,100,610,-0.8555296163853712
1.8,100,611,-0.5279866680595813
1.8,100,612,-0.22096490676199876
1.8,100,613,-0.4819279881527234
1.8,100,614,-0.4072948632767668
1.8,100,615,-0.6742769600973824
1.8,100,616,-0.9828802486562427
1.8,100,617,-0.549247932506179
1.8,100,618,-0.46533915255453917
1.8,100,619,-1.0112254778843108
1.8,100,620,-0.4089068084287908
1.8,100,621,-0.5601960334978058
1.8,100,622,-0.3017354325473889
1.8,100,623,-0.5066563844186918
1.8,100,624,-0.42333747285101264
1.8,100,625,-0.31190742080276523
1.8,100,626,-0.5290330659816576
1.8,100,627,-0.4704928783570097
1.8,100,628,-0.37828912969624917
1.8,100,629,-0.4973240507829735
1.8,100,630,-0.49654576468319234
1.8,100,631,-0.9429438097011373
1.8,100,632,-0.5897213472293346
1.8,100,633,-0.40606314658272535
1.8,100,634,-0.500673565664101
1.8,100,635,-0.6658216850282592
1.8,100,636,-0.5936164114898748
1.8,100,637,-0.4047057075278022
1.8,100,638,-0.5821283618659001
1.8,100,639,-0.6894615653597387
1.8,100,640,-0.5090547809966455
1.8,100,641,-0.6064664080410584
1.8,100,642,-0.4967462114142751
1.8,100,643,-0.573230502189364
1.8,100,644,-0.4081703236158931
1.8,100,645,-0.4904223027903849
1.8,100,646,-0.539415884741536
1.8,100,647,-0.5399347673217538
1.8,100,648,-0.4654348128769894
1.8,100,649,-0.5155798086478902
1.8,100,650,-0.34153903611091896
1.8,100,651,-0.3621206472989944
1.8,100,652,-0.8225738231062714
1.8,100,653,-0.9917253040787
1.8,100,654,-0.9244745564886376
1.8,100,655,-0.5112540445469915
1.8,100,656,-0.6445200326773926
1.8,100,657,-0.4950985372120338
1.8,100,658,-0.8812457290010729
1.8,100,659,-0.4632529842274713
1.8,100,660,-0.6906195610892523
1.8,100,661,-0.587651628178318
1.8,100,662,-0.6479662333274248
1.8,100,663,-0.4259835915786234
1.8,100,664,-0.5016146184881063
1.8,100,665,-0.24179180938293765
1.8,100,666,-0.543275572318165
1.8,100,667,-0.5582717833060347
1.8,100,668,-0.8580646799677549
1.8,100,669,-1.0238607884283373
1.8,100,670,-0.4682501172471083
1.8,100,671,-0.5252792785823399
1.8,100,672,-0.7785583757292127
1.8,100,673,-0.6141656911670412
1.8,100,674,-0.36857189129956813
1.8,100,675,-1.1679107845962067
1.8,100,676,-0.3510692461861198
1.8,100,677,-0.5381071021310866
1.8,100,678,-0.5365918757061687
1.8,100,679,-0.4619510223831014
1.8,100,680,-0.592987981966431
1.8,100,681,-0.8866670792059346
1.8,100,682,-0.5500552803597123
1.8,100,683,-0.6242844051238854
1.8,100,684,-0.5199004220712575
1.8,100,685,-0.8078228671526739
1.8,100,686,-0.7252391759786303
1.8,100,687,-0.7361679287489211
1.8,100,688,-0.8187017429597987
1.8,100,689,-0.9660785719077563
1.8,100,690,-0.5666301356222525
1.8,100,691,-0.4010874414437713
1.8,100,692,-0.5690147005216271
1.8,100,693,-0.5484445527727893
1.8,100,694,-0.4588778908405615
1.8,100,695,-0.3055799395001966
1.8,100,696,-0.9673065164901475
1.8,100,697,-0.5321184064825903
1.8,100,698,-1.0261310375289243
1.8,100,699,-0.4515959041461959
1.8,100,700,-0.3140913067445381
1.8,100,701,-0.481446870761453
1.8,100,702,-0.7564445437876453
1.8,100,703,-0.4978846379697106
1.8,100,704,-0.5258210656603053
1.8,100,705,-0.4307410569439034
1.8,100,706,-0.43076775718802485
1.8,100,707,-0.6998933740075246
1.8,100,708,-0.49547621990505064
1.8,100,709,-0.42129312789934104
1.8,100,710,-0.49624933510225944
1.8,100,711,-0.5630423021610782
1.8,100,712,-0.6615009222998218
1.8,100,713,-0.4980670020714162
1.8,100,714,-0.5489623506085544
1.8,100,715,-1.3036367041319465
1.8,100,716,-0.5590468250368013
1.8,100,717,-0.46536471501563725
1.8,100,718,-0.32271964144555
1.8,100,719,-0.6702289676850743
1.8,100,720,-0.6331660011870954
1.8,100,721,-0.575550389939022
1.8,100,722,-0.3959312386996836
1.8,100,723,-0.6190545349551382
1.8,100,724,-0.43151093028654675
1.8,100,725,-0.5506742945525884
1.8,100,726,-0.39169392541577763
1.8,100,727,-0.8077521456447507
1.8,100,728,-0.5170325815944068
1.8,100,729,-0.5574324701106381
1.8,100,730,-0.25263012552962216
1.8,100,731,-0.5264274874532326
1.8,100,732,-0.7823869217094777
1.8,100,733,-0.3558450328144527
1.8,100,734,-0.7619228570418806
1.8,100,735,-0.5456930007512757
1.8,100,736,-0.6181225865703932
1.8,100,737,-0.4890875430896007
1.8,100,738,-0.48313329199808774
1.8,100,739,-0.44637827640994265
1.8,100,740,-0.6156980679863917
1.8,100,741,-0.42009090430121465
1.8,100,742,-0.30331686803205105
1.8,100,743,-0.4220930927070361
1.8,100,744,-0.6012619880216941
1.8,100,745,-0.7367468930887495
1.8,100,746,-0.5651870474713208
1.8,100,747,-0.5004023474396113
1.8,100,748,-0.6126473641385741
1.8,100,749,-0.4116948729894576
1.8,100,750,-0.3199907645067106
1.8,100,751,-0.41610823880404757
1.8,100,752,-0.43141354345021
1.8,100,753,-0.6662316429994584
1.8,100,754,-0.5541204671195734
1.8,100,755,-0.48220384757637635
1.8,100,756,-0.8085989263058762
1.8,100,757,-0.5223746931521489
1.8,100,758,-0.352706905070894
1.8,100,759,-0.468304527577587
1.8,100,760,-0.6476457784503997
1.8,100,761,-1.0168296732554682
1.8,100,762,-0.1942197196534985
1.8,100,763,-0.514090825078769
1.8,100,764,-0.4269946552266082
1.8,100,765,-0.435039129204297
1.8,100,766,-0.4275215170908455
1.8,100,767,-0.603242688543941
1.8,100,768,-0.6541121514027677
1.8,100,769,-0.6340175933689864
1.8,100,770,-0.7333165377044728
1.8,100,771,-0.8518377726148341
1.8,100,772,-0.5875061772650938
1.8,100,773,-1.1546161046216197
1.8,100,774,-0.500780755367513
1.8,100,775,-0.6434308507606785
1.8,100,776,-0.4452665016987054
1.8,100,777,-0.6177376238884291
1.8,100,778,-1.2455072086000882
1.8,100,779,-0.5339930265458106
1.8,100,780,-0.6809130359313791
1.8,100,781,-0.46105104359162485
1.8,100,782,-0.4251292968437428
1.8,100,783,-0.5141754492343835
1.8,100,784,-0.7428551503467673
1.8,100,785,-0.4026751542763183
1.8,100,786,-0.855425123262048
1.8,100,787,-0.4759830834229073
1.8,100,788,-0.727366227262616
1.8,100,789,-0.8249000403913367
1.8,100,790,-0.40041313647168164
1.8,100,791,-0.5328234234258367
1.8,100,792,-0.4265883405737203
1.8,100,793,-0.5511920597539608
1.8,100,794,-0.843492737816327
1.8,100,795,-0.42029210809772266
1.8,100,796,-0.5235116276366247
1.8,100,797,-0.7688624077532624
1.8,100,798,-0.977952643767964
1.8,100,799,-0.2990309695931772
1.8,100,800,-0.9254903212414718
1.8,100,801,-0.7065721655908506
1.8,100,802,-0.32813074589008284
1.8,100,803,-0.5295605211914227
1.8,100,804,-0.5484976963478052
1.8,100,805,-0.6191236568132783
1.8,100,806,-0.6071961105868444
1.8,100,807,-0.40033676959624964
1.8,100,808,-0.6781598842796106
1.8,100,809,-0.5118050875051052
1.8,100,810,-0.45301715415519594
1.8,100,811,-0.6532081319507153
1.8,100,812,-0.7300437078464141
1.8,100,813,-0.37694796508758555
1.8,100,814,-0.6717888994725474
1.8,100,815,-0.6165380625165786
1.8,100,816,-0.4723149018669679
1.8,100,817,-0.8327647147753015
1.8,100,818,-0.6288733643434841
1.8,100,819,-0.52019686644702
1.8,100,820,-0.46383155841637747
1.8,100,821,-0.6616553079785408
1.8,100,822,-0.4249701203216103
1.8,100,823,-0.6405233964494923
1.8,100,824,-0.39616773709373443
1.8,100,825,-0.5196497027250262
1.8,100,826,-0.5917395589221137
1.8,100,827,-0.5300285584696114
1.8,100,828,-0.7691075916074368
1.8,100,829,-0.38033054142270073
1.8,100,830,-0.4406412671521136
1.8,100,831,-0.45651539855503565
1.8,100,832,-0.7447786878260132
1.8,100,833,-0.37541059384946474
1.8,100,834,-0.5973005664266644
1.8,100,835,-0.7340693177503208
1.8,100,836,-0.47929922097065325
1.8,100,837,-0.4260408902448487
1.8,100,838,-0.32094546394132917
1.8,100,839,-0.4741941788941759
1.8,100,840,-0.46888907994178397
1.8,100,841,-0.4368976679962673
1.8,100,842,-0.90029442719556
1.8,100,843,-0.3556554002809553
1.8,100,844,-0.38140024352940527
1.8,100,845,-0.647456872668698
1.8,100,846,-0.37443034335441583
1.8,100,847,-0.4929241472331458
1.8,100,848,-0.49823898977914993
1.8,100,849,-0.29264344499286077
1.8,100,850,-0.48882602639328354
1.8,100,851,-0.49317438992707086
1.8,100,852,-1.0159151234381398
1.8,100,853,-0.4120959247473046
1.8,100,854,-0.6413755094703015
1.8,100,855,-0.5375395894622113
1.8,100,856,-0.5274619598756318
1.8,100,857,-0.3815031206005377
1.8,100,858,-0.7099988740772911
1.8,100,859,-0.4464718234295968
1.8,100,860,-0.38393410980047604
1.8,100,861,-0.34332596842809293
1.8,100,862,-0.647835699672237
1.8,100,863,-0.44211142408762494
1.8,100,864,-0.5606250510294255
1.8,100,865,-0.6475144358328415
1.8,100,866,-0.5683441541302012
1.8,100,867,-0.5365549536513388
1.8,100,868,-0.4593489124728367
1.8,100,869,-0.6346499997278248
1.8,100,870,-0.3173433695082739
1.8,100,871,-0.7868989006224896
1.8,100,872,-1.0472838250919123
1.8,100,873,-0.6351031549004003
1.8,100,874,-0.9393745112009533
1.8,100,875,-0.5296330365335455
1.8,100,876,-0.4088821264559279
1.8,100,877,-0.45717731458022604
1.8,100,878,-0.6023709534665289
1.8,100,879,-0.41919623161566855
1.8,100,880,-1.0530900352258397
1.8,100,881,-0.3791441392470196
1.8,100,882,-0.4183704867524842
1.8,100,883,-0.5956640040032837
1.8,100,884,-0.547872850238071
1.8,100,885,-0.7780562539712321
1.8,100,886,-0.3808247342811062
1.8,100,887,-0.6462581886389875
1.8,100,888,-0.38777905585597217
1.8,100,889,-0.5978675211622277
1.8,100,890,-0.562851631995889
1.8,100,891,-0.45275184082879627
1.8,100,892,-0.35592959218601417
1.8,100,893,-0.5693077803169702
1.8,100,894,-0.5551919289281491
1.8,100,895,-0.528186304418484
1.8,100,896,-0.5843971956888943
1.8,100,897,-0.5605449207929889
1.8,100,898,-0.7700854300693738
1.8,100,899,-0.5878972616928688
1.8,100,900,-0.3508486549055052
1.8,100,901,-0.7864485488311013
1.8,100,902,-0.653310653377146
1.8,100,903,-0.5406136974364026
1.8,100,904,-0.3815450999670964
1.8,100,905,-0.840098943589692
1.8,100,906,-0.7587792314318751
1.8,100,907,-0.4089154651589031
1.8,100,908,-0.5050183662802508
1.8,100,909,-0.5855936683199514
1.8,100,910,-0.6576825369563692
1.8,100,911,-0.695556476320595
1.8,100,912,-0.37005471122410705
1.8,100,913,-0.6540005586422861
1.8,100,914,-0.5726724085873478
1.8,100,915,-0.4456116364761964
1.8,100,916,-0.7839184138028117
1.8,100,917,-0.1669354821004898
1.8,100,918,-0.5279482373553415
1.8,100,919,-0.3350020596328642
1.8,100,920,-0.5393491350981825
1.8,100,921,-0.5559103865527797
1.8,100,922,-0.36701078389789576
1.8,100,923,-0.5361671236083592
1.8,100,924,-0.5675005747155606
1.8,100,925,-0.3448021660015399
1.8,100,926,-0.45793143985377216
1.8,100,927,-0.44747339499983174
1.8,100,928,-0.7043970717063466
1.8,100,929,-0.5723618314143921
1.8,100,930,-0.9454024222845354
1.8,100,931,-0.46053531419944727
1.8,100,932,-0.2889268194142036
1.8,100,933,-0.6044971020508056
1.8,100,934,-0.5393530928186505
1.8,100,935,-0.30966342566257166
1.8,100,936,-0.4683855157105996
1.8,100,937,-0.4965873815261088
1.8,100,938,-0.6815165665393985
1.8,100,939,-0.4599211709580573
1.8,100,940,-0.6141898116971747
1.8,100,941,-0.9351590120185354
1.8,100,942,-0.4232662638147511
1.8,100,943,-0.36135736947980135
1.8,100,944,-0.6877132764203511
1.8,100,945,-0.5013753971157087
1.8,100,946,-0.48028062805049476
1.8,100,947,-0.33928061522540043
1.8,100,948,-0.5758016265424377
1.8,100,949,-0.3767346182158282
1.8,100,950,-0.43748001179760165
1.8,100,951,-0.7903306487812687
1.8,100,952,-0.44243356384330346
1.8,100,953,-0.5175207020565056
1.8,100,954,-0.3918789500848576
1.8,100,955,-0.696605758189091
1.8,100,956,-0.6353889697948616
1.8,100,957,-0.6063748853085769
1.8,100,958,-0.44811654226063613
1.8,100,959,-0.4917960349162873
1.8,100,960,-0.9273404954826097
1.8,100,961,-0.424329220645961
1.8,100,962,-0.5774495067564196
1.8,100,963,-0.5474517044318312
1.8,100,964,-0.506910683195839
1.8,100,965,-0.5971676117769376
1.8,100,966,-0.3202961513303395
1.8,100,967,-0.4862716314018587
1.8,100,968,-0.41134747380022496
1.8,100,969,-0.5499037256901305
1.8,100,970,-0.24920484403474163
1.8,100,971,-0.33560037388600406
1.8,100,972,-0.6548126906289502
1.8,100,973,-0.6644179777845551
1.8,100,974,-0.6569343061881456
1.8,100,975,-0.626588165141527
1.8,100,976,-0.419119480023326
1.8,100,977,-0.5357893300819723
1.8,100,978,-0.4457494815551335
1.8,100,979,-1.1321627864848192
1.8,100,980,-0.6120294428667137
1.8,100,981,-0.6170782579697329
1.8,100,982,-0.5922207973619293
1.8,100,983,-0.5835302785037177
1.8,100,984,-0.35687325507198886
1.8,100,985,-0.3301643150169402
1.8,100,986,-0.5960605546793667
1.8,100,987,-0.34203986220170113
1.8,100,988,-0.5092774043399255
1.8,100,989,-0.4052948124873159
1.8,100,990,-0.3827969626585659
1.8,100,991,-0.49234863821912933
1.8,100,992,-0.6057167755858666
1.8,100,993,-0.611649746783534
1.8,100,994,-0.8723115586086894
1.8,100,995,-0.4528251427918637
1.8,100,996,-0.48952121194671383
1.8,100,997,-0.5782625301845938
1.8,100,998,-0.5051914993555671
1.8,100,999,-0.2762979362461615
1.8,hw_matched,0,-0.665099669450576
1.8,hw_matched,1,-0.7970522814616685
1.8,hw_matched,2,-0.6562865465422383
1.8,hw_matched,3,-0.36506986261471575
1.8,hw_matched,4,-0.370779125227658
1.8,hw_matched,5,-0.9180400651106939
1.8,hw_matched,6,-0.5348099502212593
1.8,hw_matched,7,-0.731957603303709
1.8,hw_matched,8,-0.37055948081821644
1.8,hw_matched,9,-0.6109119451546634
1.8,hw_matched,10,-0.6205131043440524
1.8,hw_matched,11,-0.28899130654589533
1.8,hw_matched,12,-0.716964750980136
1.8,hw_matched,13,-0.485470384011635
1.8,hw_matched,14,-0.9025298912539825
1.8,hw_matched,15,-0.4992298193310354
1.8,hw_matched,16,-0.4290929988792458
1.8,hw_matched,17,-0.7726017990218468
1.8,hw_matched,18,-0.3999077891741558
1.8,hw_matched,19,-0.38049830708822063
1.8,hw_matched,20,-0.5389440091891753
1.8,hw_matched,21,-0.3927216392524209
1.8,hw_matched,22,-0.40970895363755533
1.8,hw_matched,23,-0.7761354492355483
1.8,hw_matched,24,-0.7176970579654782
1.8,hw_matched,25,-0.4136874396027048
1.8,hw_matched,26,-0.3640001665391135
1.8,hw_matched,27,-0.47347694524318307
1.8,hw_matched,28,-0.735221297439558
1.8,hw_matched,29,-0.5349626321540164
1.8,hw_matched,30,-1.0759897304634913
1.8,hw_matched,31,-0.5207497112829949
1.8,hw_matched,32,-0.8793412266259559
1.8,hw_matched,33,-0.39399770863285744
1.8,hw_matched,34,-0.7214013880171966
1.8,hw_matched,35,-0.45627040941230224
1.8,hw_matched,36,-0.7747679266742695
1.8,hw_matched,37,-0.4958686368165286
1.8,hw_matched,38,-0.26975448661529744
1.8,hw_matched,39,-0.4042658873522429
1.8,hw_matched,40,-0.2709018324326766
1.8,hw_matched,41,-0.4386789971788916
1.8,hw_matched,42,-0.48502973710246144
1.8,hw_matched,43,-0.5361671114634128
1.8,hw_matched,44,-0.6924024154058912
1.8,hw_matched,45,-1.1194494413844502
1.8,hw_matched,46,-0.5347217667159871
1.8,hw_matched,47,-0.8873475070374992
1.8,hw_matched,48,-0.4129151752418385
1.8,hw_matched,49,-0.4501742748111208
1.8,hw_matched,50,-0.3559115338453971
1.8,hw_matched,51,-0.4926685168019256
1.8,hw_matched,52,-0.7465288085624584
1.8,hw_matched,53,-0.5047084874147885
1.8,hw_matched,54,-0.8014780214272541
1.8,hw_matched,55,-0.48689514067808237
1.8,hw_matched,56,-0.5123975561303398
1.8,hw_matched,57,-0.624078435711027
1.8,hw_matched,58,-0.36438670808843354
1.8,hw_matched,59,-0.8479039392190604
1.8,hw_matched,60,-0.8456635106046253
1.8,hw_matched,61,-0.6069195545533703
1.8,hw_matched,62,-0.8923710325450931
1.8,hw_matched,63,-0.579430719705269
1.8,hw_matched,64,-0.6685263708439511
1.8,hw_matched,65,-0.5844390410222495
1.8,hw_matched,66,-0.4219054498740036
1.8,hw_matched,67,-0.4810689215034638
1.8,hw_matched,68,-0.4779988770940691
1.8,hw_matched,69,-0.38597957928042903
1.8,hw_matched,70,-0.452077736241864
1.8,hw_matched,71,-0.8676530283917612
1.8,hw_matched,72,-0.8690523641822421
1.8,hw_matched,73,-1.0056049997824372
1.8,hw_matched,74,-0.3122391820719055
1.8,hw_matched,75,-0.8267387859419038
1.8,hw_matched,76,-0.4883259302543881
1.8,hw_matched,77,-0.7908040689458526
1.8,hw_matched,78,-0.35243868727889094
1.8,hw_matched,79,-0.3725394223120604
1.8,hw_matched,80,-0.35031495686154335
1.8,hw_matched,81,-0.6644679290133644
1.8,hw_matched,82,-0.9314525384744683
1.8,hw_matched,83,-0.4975883111371764
1.8,hw_matched,84,-0.9784059329345385
1.8,hw_matched,85,-0.5076842420902565
1.8,hw_matched,86,-0.27715389789098865
1.8,hw_matched,87,-0.46172611435518474
1.8,hw_matched,88,-0.7058336770619786
1.8,hw_matched,89,-0.49348236856652616
1.8,hw_matched,90,-0.8498107384698912
1.8,hw_matched,91,-0.9627664648949072
1.8,hw_matched,92,-0.45819041950184536
1.8,hw_matched,93,-0.5758203126364831
1.8,hw_matched,94,-0.42027498790974915
1.8,hw_matched,95,-0.6150801909018728
1.8,hw_matched,96,-0.35157504091918645
1.8,hw_matched,97,-0.343821961850423
1.8,hw_matched,98,-0.349895421582358
1.8,hw_matched,99,-0.3971260569904471
1.8,hw_matched,100,-0.3076501577589985
1.8,hw_matched,101,-0.9069546218307065
1.8,hw_matched,102,-0.4952146016093115
1.8,hw_matched,103,-0.5394542899637047
1.8,hw_matched,104,-0.2784963413449375
1.8,hw_matched,105,-0.42092228991940916
1.8,hw_matched,106,-0.7638032599718496
1.8,hw_matched,107,-0.550436398269577
1.8,hw_matched,108,-0.7155750129657545
1.8,hw_matched,109,-0.43344708618876404
1.8,hw_matched,110,-0.5901595776970436
1.8,hw_matched,111,-0.3205245448330134
1.8,hw_matched,112,-0.28952319385114667
1.8,hw_matched,113,-0.31219961632147264
1.8,hw_matched,114,-0.4030388267179643
1.8,hw_matched,115,-0.6502707100537488
1.8,hw_matched,116,-0.588530789752673
1.8,hw_matched,117,-0.7191485643725168
1.8,hw_matched,118,-0.6071043736317661
1.8,hw_matched,119,-0.42320705512008416
1.8,hw_matched,120,-0.48775867159476816
1.8,hw_matched,121,-0.4622047899508468
1.8,hw_matched,122,-0.5601652011336471
1.8,hw_matched,123,-0.5250590242269844
1.8,hw_matched,124,-0.43234368594122463
1.8,hw_matched,125,-0.6324361641193721
1.8,hw_matched,126,-0.4657269037654994
1.8,hw_matched,127,-0.51830613133182
1.8,hw_matched,128,-0.4420596838779576
1.8,hw_matched,129,-0.39867605983780163
1.8,hw_matched,130,-0.5171038545412134
1.8,hw_matched,131,-0.7119472402532994
1.8,hw_matched,132,-0.6909878593586665
1.8,hw_matched,133,-0.4445784972904283
1.8,hw_matched,134,-0.6493851788191467
1.8,hw_matched,135,-0.6293651113512715
1.8,hw_matched,136,-0.1586721026279303
1.8,hw_matched,137,-0.39498211612782197
1.8,hw_matched,138,-0.6810958166715346
1.8,hw_matched,139,-0.5343583210445795
1.8,hw_matched,140,-0.8198151226433668
1.8,hw_matched,141,-0.6653686066096216
1.8,hw_matched,142,-0.5574192976751109
1.8,hw_matched,143,-0.510868626833261
1.8,hw_matched,144,-0.49802364770777907
1.8,hw_matched,145,-0.36385559315520766
1.8,hw_matched,146,-0.6366744579241372
1.8,hw_matched,147,-0.8397627318365279
1.8,hw_matched,148,-0.3665380931909594
1.8,hw_matched,149,-0.4315079884796955
1.8,hw_matched,150,-0.8140266947230244
1.8,hw_matched,151,-0.42345263592907023
1.8,hw_matched,152,-0.5048991917262076
1.8,hw_matched,153,-0.8110069537152207
1.8,hw_matched,154,-0.32115918832120705
1.8,hw_matched,155,-0.5070410686119329
1.8,hw_matched,156,-0.7153541841491202
1.8,hw_matched,157,-0.6877370836386989
1.8,hw_matched,158,-0.40991324946300245
1.8,hw_matched,159,-0.5392632465265286
1.8,hw_matched,160,-0.6536484371121887
1.8,hw_matched,161,-0.5570399532591108
1.8,hw_matched,162,-0.9655018501926225
1.8,hw_matched,163,-0.4826870431270245
1.8,hw_matched,164,-0.2624636696359255
1.8,hw_matched,165,-0.6824127303944487
1.8,hw_matched,166,-0.8869137979012212
1.8,hw_matched,167,-0.41389693043928677
1.8,hw_matched,168,-0.41541367987899624
1.8,hw_matched,169,-0.7127847822962108
1.8,hw_matched,170,-0.47996004211372334
1.8,hw_matched,171,-0.4086512735944965
1.8,hw_matched,172,-0.6169250245454141
1.8,hw_matched,173,-0.43725962007881103
1.8,hw_matched,174,-0.563574417680643
1.8,hw_matched,175,-0.39891838618424
1.8,hw_matched,176,-0.458209046197223
1.8,hw_matched,177,-0.4696310781688575
1.8,hw_matched,178,-0.6149726192840737
1.8,hw_matched,179,-0.6472089221681896
1.8,hw_matched,180,-0.5691643063712835
1.8,hw_matched,181,-0.5838618406649314
1.8,hw_matched,182,-0.7932152910428341
1.8,hw_matched,183,-0.6506487688389309
1.8,hw_matched,184,-0.8900750525343817
1.8,hw_matched,185,-0.5078317030512338
1.8,hw_matched,186,-0.706083116353392
1.8,hw_matched,187,-0.7350309059124729
1.8,hw_matched,188,-0.6440932425593717
1.8,hw_matched,189,-1.1574673562069444
1.8,hw_matched,190,-0.42513690393710535
1.8,hw_matched,191,-0.4690691616255531
1.8,hw_matched,192,-0.4738697421558562
1.8,hw_matched,193,-0.34279480694151454
1.8,hw_matched,194,-0.3539381917446409
1.8,hw_matched,195,-0.5235109803520794
1.8,hw_matched,196,-0.337608102068631
1.8,hw_matched,197,-0.6138866850967748
1.8,hw_matched,198,-1.0759209342000813
1.8,hw_matched,199,-0.6178115777281203
1.8,hw_matched,200,-0.3495129399651864
1.8,hw_matched,201,-0.47027409665466147
1.8,hw_matched,202,-0.722586395149093
1.8,hw_matched,203,-1.5042942868104054
1.8,hw_matched,204,-0.6144903206164776
1.8,hw_matched,205,-0.3971789543929305
1.8,hw_matched,206,-0.8481775709513104
1.8,hw_matched,207,-0.4187669741572504
1.8,hw_matched,208,-0.490478111377489
1.8,hw_matched,209,-0.7622806071953627
1.8,hw_matched,210,-0.3835697527797126
1.8,hw_matched,211,-0.44830558762687245
1.8,hw_matched,212,-0.41129512897628606
1.8,hw_matched,213,-0.7736496246375799
1.8,hw_matched,214,-0.5957687381124992
1.8,hw_matched,215,-0.49134511818110993
1.8,hw_matched,216,-0.6039311858884426
1.8,hw_matched,217,-0.6990642283790514
1.8,hw_matched,218,-0.8485477481938575
1.8,hw_matched,219,-0.5067060538620436
1.8,hw_matched,220,-0.44418266215532887
1.8,hw_matched,221,-0.49591574785035686
1.8,hw_matched,222,-0.5442089454430761
1.8,hw_matched,223,-0.40136067483628457
1.8,hw_matched,224,-0.6206454393446577
1.8,hw_matched,225,-0.31481671097911157
1.8,hw_matched,226,-0.5265478268077701
1.8,hw_matched,227,-0.862726374578614
1.8,hw_matched,228,-0.44999321426953665
1.8,hw_matched,229,-0.38923339554966296
1.8,hw_matched,230,-0.4334713681230564
1.8,hw_matched,231,-0.42364116909129956
1.8,hw_matched,232,-0.34958270751281195
1.8,hw_matched,233,-0.2657018135113105
1.8,hw_matched,234,-0.5212377564307129
1.8,hw_matched,235,-0.491171688490168
1.8,hw_matched,236,-0.30465834533672265
1.8,hw_matched,237,-0.605981405529169
1.8,hw_matched,238,-0.5320205153488504
1.8,hw_matched,239,-0.5658752268397467
1.8,hw_matched,240,-0.768897578647725
1.8,hw_matched,241,-0.6652481110756439
1.8,hw_matched,242,-0.5531153490841725
1.8,hw_matched,243,-0.402170341827909
1.8,hw_matched,244,-0.3907211481595736
1.8,hw_matched,245,-0.483297881830822
1.8,hw_matched,246,-0.5959907742529824
1.8,hw_matched,247,-0.23165409807223503
1.8,hw_matched,248,-0.5198112715246266
1.8,hw_matched,249,-0.5626314973800679
1.8,hw_matched,250,-0.4038689594003897
1.8,hw_matched,251,-0.5336828494182897
1.8,hw_matched,252,-0.576039539769245
1.8,hw_matched,253,-0.33779394882121094
1.8,hw_matched,254,-0.533985436295576
1.8,hw_matched,255,-0.7675293487195602
1.8,hw_matched,256,-0.3854300537175295
1.8,hw_matched,257,-0.7749095267142818
1.8,hw_matched,258,-1.4516493600101579
1.8,hw_matched,259,-0.48811687210821186
1.8,hw_matched,260,-0.6005197859391933
1.8,hw_matched,261,-0.5287922900683755
1.8,hw_matched,262,-0.49070767226164436
1.8,hw_matched,263,-0.3403427681056532
1.8,hw_matched,264,-0.24338157975093622
1.8,hw_matched,265,-0.4637959819958142
1.8,hw_matched,266,-0.3754238408846131
1.8,hw_matched,267,-0.8164942596069669
1.8,hw_matched,268,-0.3840659934495365
1.8,hw_matched,269,-0.40157555785727284
1.8,hw_matched,270,-0.4698292739072125
1.8,hw_matched,271,-0.6072909692245985
1.8,hw_matched,272,-0.42618506344084284
1.8,hw_matched,273,-0.5346858226490694
1.8,hw_matched,274,-0.3667052018257966
1.8,hw_matched,275,-0.5238559390507092
1.8,hw_matched,276,-0.700138011846162
1.8,hw_matched,277,-0.6377613941178579
1.8,hw_matched,278,-0.5295536156187495
1.8,hw_matched,279,-0.7982699640425994
1.8,hw_matched,280,-0.5924674984332312
1.8,hw_matched,281,-0.6154254475903056
1.8,hw_matched,282,-0.6356873004518853
1.8,hw_matched,283,-0.6765857376548483
1.8,hw_matched,284,-0.34392806095542316
1.8,hw_matched,285,-0.7121960305281565
1.8,hw_matched,286,-0.4352002030362714
1.8,hw_matched,287,-0.25809563556843473
1.8,hw_matched,288,-0.32750487904552905
1.8,hw_matched,289,-0.4739980968541577
1.8,hw_matched,290,-0.4082223829211644
1.8,hw_matched,291,-0.49779295852022254
1.8,hw_matched,292,-0.5294481203326662
1.8,hw_matched,293,-0.4785860960835937
1.8,hw_matched,294,-0.4718282917567287
1.8,hw_matched,295,-0.5896686582539319
1.8,hw_matched,296,-0.7448677611145311
1.8,hw_matched,297,-0.43750709101618357
1.8,hw_matched,298,-0.5568544499111909
1.8,hw_matched,299,-0.7149880419416164
1.8,hw_matched,300,-0.8495482027397667
1.8,hw_matched,301,-0.49705270013833824
1.8,hw_matched,302,-0.7487404647762874
1.8,hw_matched,303,-0.4226037423547073
1.8,hw_matched,304,-0.5828898583130442
1.8,hw_matched,305,-0.5569717430737686
1.8,hw_matched,306,-0.4616385544109314
1.8,hw_matched,307,-0.5260318542790539
1.8,hw_matched,308,-0.507383369575078
1.8,hw_matched,309,-0.7073499093771809
1.8,hw_matched,310,-0.7202070322257803
1.8,hw_matched,311,-0.4915281869409569
1.8,hw_matched,312,-0.5029987787685557
1.8,hw_matched,313,-0.5576612357126041
1.8,hw_matched,314,-0.8321557834433653
1.8,hw_matched,315,-0.4687405006957963
1.8,hw_matched,316,-0.8202961699458893
1.8,hw_matched,317,-0.3589282839079546
1.8,hw_matched,318,-0.5259314250081617
1.8,hw_matched,319,-0.43829671675804005
1.8,hw_matched,320,-0.39511015366498703
1.8,hw_matched,321,-0.6481841940916471
1.8,hw_matched,322,-0.5896970165954658
1.8,hw_matched,323,-0.43437054398078256
1.8,hw_matched,324,-0.6157171512836688
1.8,hw_matched,325,-0.6969636991229549
1.8,hw_matched,326,-0.5616009622418459
1.8,hw_matched,327,-0.33775166864014916
1.8,hw_matched,328,-0.5510810069358818
1.8,hw_matched,329,-0.4344626609715776
1.8,hw_matched,330,-0.6133697323772316
1.8,hw_matched,331,-0.29739620492229424
1.8,hw_matched,332,-0.4087450363478018
1.8,hw_matched,333,-0.7335924594643157
1.8,hw_matched,334,-0.4122548317162342
1.8,hw_matched,335,-0.835325469694691
1.8,hw_matched,336,-0.5291955351366755
1.8,hw_matched,337,-0.42232675146746224
1.8,hw_matched,338,-0.5586567071383532
1.8,hw_matched,339,-0.5632008564306272
1.8,hw_matched,340,-0.40897355102278543
1.8,hw_matched,341,-0.4855599351064388
1.8,hw_matched,342,-0.37619633215328907
1.8,hw_matched,343,-0.4935134650867472
1.8,hw_matched,344,-0.43278835718853226
1.8,hw_matched,345,-0.5461001938583341
1.8,hw_matched,346,-0.3348131850050855
1.8,hw_matched,347,-0.48982555434475916
1.8,hw_matched,348,-0.49117649897556825
1.8,hw_matched,349,-0.4074815707677075
1.8,hw_matched,350,-0.8406409741802179
1.8,hw_matched,351,-1.0161268752084167
1.8,hw_matched,352,-0.39504581992052024
1.8,hw_matched,353,-0.5649108141867842
1.8,hw_matched,354,-0.524333643171343
1.8,hw_matched,355,-0.36764624084901687
1.8,hw_matched,356,-0.3858224035073534
1.8,hw_matched,357,-0.4115699048857049
1.8,hw_matched,358,-0.699584402037297
1.8,hw_matched,359,-0.5506346831988718
1.8,hw_matched,360,-0.536893355190375
1.8,hw_matched,361,-0.5925334477697792
1.8,hw_matched,362,-0.7868067051724523
1.8,hw_matched,363,-0.440683811834514
1.8,hw_matched,364,-0.4855149256626401
1.8,hw_matched,365,-0.420301366139719
1.8,hw_matched,366,-0.32847444059619435
1.8,hw_matched,367,-0.6204173537303093
1.8,hw_matched,368,-0.58534716944399
1.8,hw_matched,369,-0.4428424172176759
1.8,hw_matched,370,-0.406143149237675
1.8,hw_matched,371,-0.6151760922824256
1.8,hw_matched,372,-0.6907502759436712
1.8,hw_matched,373,-0.5167516394893721
1.8,hw_matched,374,-0.571193441344811
1.8,hw_matched,375,-0.35541757495423676
1.8,hw_matched,376,-0.38856461344835247
1.8,hw_matched,377,-0.4035895168260497
1.8,hw_matched,378,-0.5273052025106841
1.8,hw_matched,379,-0.5456818457650601
1.8,hw_matched,380,-0.6024648475970911
1.8,hw_matched,381,-0.3596473527189903
1.8,hw_matched,382,-0.5826832702218616
1.8,hw_matched,383,-0.28457429128693423
1.8,hw_matched,384,-0.40902297347104244
1.8,hw_matched,385,-1.094425814989394
1.8,hw_matched,386,-0.37303707841767464
1.8,hw_matched,387,-0.6225053060541192
1.8,hw_matched,388,-0.7493591750844424
1.8,hw_matched,389,-0.377711738263788
1.8,hw_matched,390,-0.3623196967101272
1.8,hw_matched,391,-0.401613037121334
1.8,hw_matched,392,-0.3364755194554556
1.8,hw_matched,393,-0.7098180278023638
1.8,hw_matched,394,-0.5950731796982565
1.8,hw_matched,395,-0.2774522897746663
1.8,hw_matched,396,-0.4745221484552167
1.8,hw_matched,397,-0.7236373622735854
1.8,hw_matched,398,-0.4881099949947607
1.8,hw_matched,399,-0.5616690581031372
1.8,hw_matched,400,-0.42652347294159254
1.8,hw_matched,401,-0.4047609565165955
1.8,hw_matched,402,-0.447240137525321
1.8,hw_matched,403,-0.47581902066640813
1.8,hw_matched,404,-0.3282977339136153
1.8,hw_matched,405,-0.32476438635061644
1.8,hw_matched,406,-0.5081109331912628
1.8,hw_matched,407,-0.6525259991581491
1.8,hw_matched,408,-0.5497679567673808
1.8,hw_matched,409,-0.7930722266968218
1.8,hw_matched,410,-0.3736209531675938
1.8,hw_matched,411,-0.36283585155319664
1.8,hw_matched,412,-0.5120539110390883
1.8,hw_matched,413,-0.6012551442406486
1.8,hw_matched,414,-0.4671103720065901
1.8,hw_matched,415,-0.5738714039158517
1.8,hw_matched,416,-0.4547136550081854
1.8,hw_matched,417,-0.7426341836357535
1.8,hw_matched,418,-0.49958727351829846
1.8,hw_matched,419,-1.1581254156430916
1.8,hw_matched,420,-0.5534385598910276
1.8,hw_matched,421,-0.3752078699178385
1.8,hw_matched,422,-0.24409336945978355
1.8,hw_matched,423,-0.5473448858534633
1.8,hw_matched,424,-0.6443532814290778
1.8,hw_matched,425,-1.0196403164667456
1.8,hw_matched,426,-0.47830300298943107
1.8,hw_matched,427,-0.4093609277323793
1.8,hw_matched,428,-0.40424119343956266
1.8,hw_matched,429,-0.6386241147981473
1.8,hw_matched,430,-0.5126934979518678
1.8,hw_matched,431,-0.8046626237149799
1.8,hw_matched,432,-0.8133565191327188
1.8,hw_matched,433,-0.5437055074442385
1.8,hw_matched,434,-0.6293508871766331
1.8,hw_matched,435,-0.6781734596796687
1.8,hw_matched,436,-0.4818086246683597
1.8,hw_matched,437,-0.4397601699474014
1.8,hw_matched,438,-0.4810796617949331
1.8,hw_matched,439,-0.8884857546855867
1.8,hw_matched,440,-0.6239340926398058
1.8,hw_matched,441,-0.6190556164705925
1.8,hw_matched,442,-0.6285852864919592
1.8,hw_matched,443,-0.42788708145373877
1.8,hw_matched,444,-0.4397577832169661
1.8,hw_matched,445,-0.5299171716579392
1.8,hw_matched,446,-0.4726233843691492
1.8,hw_matched,447,-0.27104158974724224
1.8,hw_matched,448,-0.5997963011411478
1.8,hw_matched,449,-0.7893930283455344
1.8,hw_matched,450,-0.39422647191176163
1.8,hw_matched,451,-0.4874142684291798
1.8,hw_matched,452,-0.5704991752981374
1.8,hw_matched,453,-0.45882213706755004
1.8,hw_matched,454,-0.7564340018937084
1.8,hw_matched,455,-0.36210901412942165
1.8,hw_matched,456,-0.4440245376595291
1.8,hw_matched,457,-0.5831795282056702
1.8,hw_matched,458,-0.45738571778134407
1.8,hw_matched,459,-0.5770646405675868
1.8,hw_matched,460,-0.4323663939310116
1.8,hw_matched,461,-0.3929133412728161
1.8,hw_matched,462,-0.31041341084498564
1.8,hw_matched,463,-0.6643486349332866
1.8,hw_matched,464,-0.3711568633134419
1.8,hw_matched,465,-0.23643537733417674
1.8,hw_matched,466,-0.4646511804827602
1.8,hw_matched,467,-0.48417749785244046
1.8,hw_matched,468,-0.6223082069094377
1.8,hw_matched,469,-0.35609337580502953
1.8,hw_matched,470,-0.358963410021796
1.8,hw_matched,471,-0.6219134546956362
1.8,hw_matched,472,-0.36998595163960846
1.8,hw_matched,473,-0.6394821539611137
1.8,hw_matched,474,-0.3205504490684854
1.8,hw_matched,475,-0.530103731752247
1.8,hw_matched,476,-0.4400823850983282
1.8,hw_matched,477,-0.5805355668942804
1.8,hw_matched,478,-0.7208145049315804
1.8,hw_matched,479,-0.4494831841654048
1.8,hw_matched,480,-0.3673552842399821
1.8,hw_matched,481,-0.3824393928136951
1.8,hw_matched,482,-0.5295286769218424
1.8,hw_matched,483,-0.44010451301992193
1.8,hw_matched,484,-0.2805240778243958
1.8,hw_matched,485,-0.7283453377714741
1.8,hw_matched,486,-0.29104230740517645
1.8,hw_matched,487,-0.5865595872086209
1.8,hw_matched,488,-1.0307289751464674
1.8,hw_matched,489,-0.5229858772598026
1.8,hw_matched,490,-0.564778520702107
1.8,hw_matched,491,-0.2805518503915885
1.8,hw_matched,492,-0.5036688659315518
1.8,hw_matched,493,-0.5610240709354506
1.8,hw_matched,494,-0.635198650664321
1.8,hw_matched,495,-0.4367088357123863
1.8,hw_matched,496,-0.5166447148147386
1.8,hw_matched,497,-0.49555343259875184
1.8,hw_matched,498,-0.5467419334956911
1.8,hw_matched,499,-0.8129868655310306
1.8,hw_matched,500,-0.9333777507853032
1.8,hw_matched,501,-0.5376795065387368
1.8,hw_matched,502,-0.482138629008912
1.8,hw_matched,503,-0.43982778401197464
1.8,hw_matched,504,-0.7959756213851634
1.8,hw_matched,505,-0.32674733371656717
1.8,hw_matched,506,-0.5667756447363324
1.8,hw_matched,507,-0.49433830888853825
1.8,hw_matched,508,-0.4447555601068709
1.8,hw_matched,509,-0.3277987672164284
1.8,hw_matched,510,-0.4091586126736646
1.8,hw_matched,511,-0.716305559955607
1.8,hw_matched,512,-0.35045884137985484
1.8,hw_matched,513,-0.5406615914427002
1.8,hw_matched,514,-0.4838780871941937
1.8,hw_matched,515,-0.5575923791660955
1.8,hw_matched,516,-0.5395295607116879
1.8,hw_matched,517,-0.4415910220234329
1.8,hw_matched,518,-0.536253227332121
1.8,hw_matched,519,-0.4817052754494775
1.8,hw_matched,520,-0.8438404665968575
1.8,hw_matched,521,-0.6075408789704366
1.8,hw_matched,522,-0.4391021265039241
1.8,hw_matched,523,-0.4726187180860095
1.8,hw_matched,524,-0.6868015317914904
1.8,hw_matched,525,-0.5885475502305266
1.8,hw_matched,526,-0.5336400438036359
1.8,hw_matched,527,-0.8983565667627669
1.8,hw_matched,528,-0.5877931423791309
1.8,hw_matched,529,-0.46854548335286594
1.8,hw_matched,530,-0.4607032290782642
1.8,hw_matched,531,-0.7389751791354244
1.8,hw_matched,532,-0.4757816086105291
1.8,hw_matched,533,-0.6569608582842472
1.8,hw_matched,534,-0.293065293551771
1.8,hw_matched,535,-0.5164929134253389
1.8,hw_matched,536,-0.279838557926972
1.8,hw_matched,537,-0.4639640169954897
1.8,hw_matched,538,-0.5227522999385845
1.8,hw_matched,539,-0.45067578342439485
1.8,hw_matched,540,-0.8497832849357254
1.8,hw_matched,541,-0.312658369375703
1.8,hw_matched,542,-0.46512873251562636
1.8,hw_matched,543,-0.43071868341906683
1.8,hw_matched,544,-0.4743326140758355
1.8,hw_matched,545,-0.3650620393703621
1.8,hw_matched,546,-0.557826348720714
1.8,hw_matched,547,-1.016006102745818
1.8,hw_matched,548,-0.48799963953675496
1.8,hw_matched,549,-0.4435030866648513
1.8,hw_matched,550,-0.43773485716561167
1.8,hw_matched,551,-0.5644217398256801
1.8,hw_matched,552,-0.6045516096197121
1.8,hw_matched,553,-0.5738705417334389
1.8,hw_matched,554,-0.20872823553241715
1.8,hw_matched,555,-0.39277251890149834
1.8,hw_matched,556,-0.46937884178570766
1.8,hw_matched,557,-0.527013304508626
1.8,hw_matched,558,-0.5188980756813208
1.8,hw_matched,559,-0.43910725654508553
1.8,hw_matched,560,-0.5304893313227272
1.8,hw_matched,561,-0.5153196395839383
1.8,hw_matched,562,-0.5585486714332701
1.8,hw_matched,563,-1.0263232332646335
1.8,hw_matched,564,-0.5922349985675739
1.8,hw_matched,565,-0.32143946560688486
1.8,hw_matched,566,-0.532381837856063
1.8,hw_matched,567,-0.5880176314434495
1.8,hw_matched,568,-0.6423367561342863
1.8,hw_matched,569,-0.4033337068626901
1.8,hw_matched,570,-0.5814243179846426
1.8,hw_matched,571,-0.7709084547691925
1.8,hw_matched,572,-1.0544686452178
1.8,hw_matched,573,-0.6040554593200613
1.8,hw_matched,574,-0.5977865508940892
1.8,hw_matched,575,-1.0026888665049625
1.8,hw_matched,576,-0.7500225906123057
1.8,hw_matched,577,-0.442247238954643
1.8,hw_matched,578,-0.5224663514602153
1.8,hw_matched,579,-0.5273473759043898
1.8,hw_matched,580,-0.6384517132056928
1.8,hw_matched,581,-0.5824116197379257
1.8,hw_matched,582,-0.40282565937803416
1.8,hw_matched,583,-0.4926896416876332
1.8,hw_matched,584,-0.5787374700998338
1.8,hw_matched,585,-1.0137283918765867
1.8,hw_matched,586,-0.4096017089174011
1.8,hw_matched,587,-0.4318096941872578
1.8,hw_matched,588,-0.2948489793147999
1.8,hw_matched,589,-0.4201662856038537
1.8,hw_matched,590,-0.7960178361459456
1.8,hw_matched,591,-0.8855127978913648
1.8,hw_matched,592,-0.7585624561581572
1.8,hw_matched,593,-0.34768579052545023
1.8,hw_matched,594,-0.5346197546178137
1.8,hw_matched,595,-0.6194913156770607
1.8,hw_matched,596,-0.5070970463451332
1.8,hw_matched,597,-0.4122556816277707
1.8,hw_matched,598,-0.5031477886363012
1.8,hw_matched,599,-0.6562238917320282
1.8,hw_matched,600,-0.24765779204608185
1.8,hw_matched,601,-0.4724645281738944
1.8,hw_matched,602,-0.5338446785269675
1.8,hw_matched,603,-0.7273246408583118
1.8,hw_matched,604,-0.6084414637663258
1.8,hw_matched,605,-0.6386315327398988
1.8,hw_matched,606,-0.6516693873616275
1.8,hw_matched,607,-0.6545685014301481
1.8,hw_matched,608,-0.6112071551958855
1.8,hw_matched,609,-0.42412737064861883
1.8,hw_matched,610,-0.4574384027193594
1.8,hw_matched,611,-0.4806381545410292
1.8,hw_matched,612,-0.3994137761176686
1.8,hw_matched,613,-0.900487827266572
1.8,hw_matched,614,-0.48472713137514556
1.8,hw_matched,615,-0.5150368862098809
1.8,hw_matched,616,-0.3911876170797035
1.8,hw_matched,617,-0.6026949840577049
1.8,hw_matched,618,-0.32273873325523605
1.8,hw_matched,619,-0.6550224431134213
1.8,hw_matched,620,-0.43806593927539694
1.8,hw_matched,621,-0.4017481783447492
1.8,hw_matched,622,-0.7538737287381807
1.8,hw_matched,623,-0.6490988111660148
1.8,hw_matched,624,-0.5668808778719114
1.8,hw_matched,625,-0.49578134059444
1.8,hw_matched,626,-0.48182656879305763
1.8,hw_matched,627,-0.5344629080008483
1.8,hw_matched,628,-0.40758567022406345
1.8,hw_matched,629,-0.6231347944347045
1.8,hw_matched,630,-0.45504516103027637
1.8,hw_matched,631,-0.41069348554113283
1.8,hw_matched,632,-0.5063912205920762
1.8,hw_matched,633,-0.48874882845297285
1.8,hw_matched,634,-0.48126071083316857
1.8,hw_matched,635,-0.6626598128468006
1.8,hw_matched,636,-0.6737210495621437
1.8,hw_matched,637,-0.4025861544599496
1.8,hw_matched,638,-0.4342834348758067
1.8,hw_matched,639,-0.5016691969587439
1.8,hw_matched,640,-0.48487160422983133
1.8,hw_matched,641,-0.52121072556175
1.8,hw_matched,642,-0.5178075870474725
1.8,hw_matched,643,-0.6702770533019169
1.8,hw_matched,644,-0.5483507633828437
1.8,hw_matched,645,-0.5146149906142039
1.8,hw_matched,646,-0.8115305273123423
1.8,hw_matched,647,-1.2206489697150218
1.8,hw_matched,648,-0.8691321173650353
1.8,hw_matched,649,-0.25758580962900623
1.8,hw_matched,650,-0.5952545761284938
1.8,hw_matched,651,-0.5425919899790337
1.8,hw_matched,652,-0.4175934643000596
1.8,hw_matched,653,-0.579125861033871
1.8,hw_matched,654,-0.7950849448820243
1.8,hw_matched,655,-0.7845357498183878
1.8,hw_matched,656,-0.41046536510524745
1.8,hw_matched,657,-0.2875270494332667
1.8,hw_matched,658,-0.4472190733625503
1.8,hw_matched,659,-0.7174796114875606
1.8,hw_matched,660,-0.44876590423714124
1.8,hw_matched,661,-0.39989447396181865
1.8,hw_matched,662,-0.237168765782533
1.8,hw_matched,663,-0.5670416791340416
1.8,hw_matched,664,-0.5435425698921401
1.8,hw_matched,665,-0.49646936303798994
1.8,hw_matched,666,-0.35454057543407846
1.8,hw_matched,667,-0.41008389620123253
1.8,hw_matched,668,-0.5218026753962264
1.8,hw_matched,669,-0.4014862066948266
1.8,hw_matched,670,-0.6311941171231334
1.8,hw_matched,671,-0.584775234242976
1.8,hw_matched,672,-0.3986867824217215
1.8,hw_matched,673,-0.5723459204491126
1.8,hw_matched,674,-0.5808611836912039
1.8,hw_matched,675,-0.30781711519307
1.8,hw_matched,676,-0.4245622175877648
1.8,hw_matched,677,-0.5915841279291438
1.8,hw_matched,678,-0.33578348880938913
1.8,hw_matched,679,-0.6412084463500445
1.8,hw_matched,680,-0.880810010938766
1.8,hw_matched,681,-0.5507525785064546
1.8,hw_matched,682,-0.513840778806661
1.8,hw_matched,683,-0.42351335193844286
1.8,hw_matched,684,-0.6049663295011332
1.8,hw_matched,685,-0.4806584484616354
1.8,hw_matched,686,-0.7244964111119079
1.8,hw_matched,687,-0.6993773796390435
1.8,hw_matched,688,-0.43303306969088307
1.8,hw_matched,689,-1.0085768410698637
1.8,hw_matched,690,-0.6215190269105328
1.8,hw_matched,691,-0.49178860685545556
1.8,hw_matched,692,-0.39180151236072946
1.8,hw_matched,693,-0.5661819735327631
1.8,hw_matched,694,-0.44310126133518923
1.8,hw_matched,695,-0.41913599246499045
1.8,hw_matched,696,-0.42749127920980534
1.8,hw_matched,697,-0.4606280524647579
1.8,hw_matched,698,-0.7926777410828567
1.8,hw_matched,699,-0.48265390745391
1.8,hw_matched,700,-0.5080387753072346
1.8,hw_matched,701,-0.4499430530918751
1.8,hw_matched,702,-0.451147797113159
1.8,hw_matched,703,-0.4233627265782902
1.8,hw_matched,704,-0.5104564406361418
1.8,hw_matched,705,-0.4221582816118783
1.8,hw_matched,706,-0.6610300322896872
1.8,hw_matched,707,-0.4336595376053296
1.8,hw_matched,708,-0.44941626143917546
1.8,hw_matched,709,-0.5010414889631856
1.8,hw_matched,710,-0.6946081177094692
1.8,hw_matched,711,-0.3612555613949755
1.8,hw_matched,712,-0.49572818903716453
1.8,hw_matched,713,-0.6414563216178002
1.8,hw_matched,714,-0.4537924253973813
1.8,hw_matched,715,-0.5144310273660624
1.8,hw_matched,716,-1.122432293583108
1.8,hw_matched,717,-0.5727003467759864
1.8,hw_matched,718,-0.4949680278087356
1.8,hw_matched,719,-0.4949119795885475
1.8,hw_matched,720,-0.5295611339961444
1.8,hw_matched,721,-0.47718108635767953
1.8,hw_matched,722,-0.47621649229781626
1.8,hw_matched,723,-0.37782538998776394
1.8,hw_matched,724,-0.511704858589167
1.8,hw_matched,725,-1.0243894738026955
1.8,hw_matched,726,-0.714325243025429
1.8,hw_matched,727,-0.4505840906945304
1.8,hw_matched,728,-0.7896073328640045
1.8,hw_matched,729,-0.5483615924986616
1.8,hw_matched,730,-0.3115786143111068
1.8,hw_matched,731,-0.48586041380905587
1.8,hw_matched,732,-0.4337929751304981
1.8,hw_matched,733,-0.5883599677643985
1.8,hw_matched,734,-0.6819780752863325
1.8,hw_matched,735,-0.4444288465321178
1.8,hw_matched,736,-0.3329181432314745
1.8,hw_matched,737,-0.5776663523079255
1.8,hw_matched,738,-0.6087502037119106
1.8,hw_matched,739,-0.6781437249181312
1.8,hw_matched,740,-0.4248832465386332
1.8,hw_matched,741,-0.4194701101635814
1.8,hw_matched,742,-0.5358596340649697
1.8,hw_matched,743,-0.513957714799113
1.8,hw_matched,744,-0.445415377048886
1.8,hw_matched,745,-0.46644974730831734
1.8,hw_matched,746,-0.87589846490764
1.8,hw_matched,747,-0.706974781224414
1.8,hw_matched,748,-0.42719257913327824
1.8,hw_matched,749,-0.7362371469346087
1.8,hw_matched,750,-0.340495829614166
1.8,hw_matched,751,-0.40087945035496975
1.8,hw_matched,752,-0.5292879058904711
1.8,hw_matched,753,-0.7157115164922798
1.8,hw_matched,754,-0.4592146346050725
1.8,hw_matched,755,-0.5234335425595633
1.8,hw_matched,756,-0.45540679052025435
1.8,hw_matched,757,-0.5786379294526764
1.8,hw_matched,758,-0.4580794967349542
1.8,hw_matched,759,-0.49738837002186
1.8,hw_matched,760,-0.4061468080798807
1.8,hw_matched,761,-0.542909116161109
1.8,hw_matched,762,-0.5479249934722006
1.8,hw_matched,763,-0.44714577314138193
1.8,hw_matched,764,-0.4974227936690794
1.8,hw_matched,765,-0.35351941023008204
1.8,hw_matched,766,-0.4325602197614373
1.8,hw_matched,767,-0.5823958925250452
1.8,hw_matched,768,-0.8649673019125259
1.8,hw_matched,769,-0.3585332426343968
1.8,hw_matched,770,-0.40802277553941013
1.8,hw_matched,771,-0.5474361898351952
1.8,hw_matched,772,-0.5637822321711272
1.8,hw_matched,773,-0.6031073210281059
1.8,hw_matched,774,-0.21086480508876648
1.8,hw_matched,775,-0.9768877566966139
1.8,hw_matched,776,-0.3529949248429973
1.8,hw_matched,777,-0.5382486234020991
1.8,hw_matched,778,-0.6111624192456246
1.8,hw_matched,779,-0.3752588066175482
1.8,hw_matched,780,-0.6921365563513286
1.8,hw_matched,781,-0.5040931531068966
1.8,hw_matched,782,-0.5768271660957649
1.8,hw_matched,783,-0.4103576573479548
1.8,hw_matched,784,-0.3274896366605886
1.8,hw_matched,785,-0.31852337364999994
1.8,hw_matched,786,-0.749234255902623
1.8,hw_matched,787,-0.6054175777438977
1.8,hw_matched,788,-0.5470254935233128
1.8,hw_matched,789,-0.5470309581341419
1.8,hw_matched,790,-0.5542671558397754
1.8,hw_matched,791,-0.4906081940059235
1.8,hw_matched,792,-0.35502686505463865
1.8,hw_matched,793,-0.5013005156155845
1.8,hw_matched,794,-0.6496178393580236
1.8,hw_matched,795,-0.6682240889782998
1.8,hw_matched,796,-0.4266451392027528
1.8,hw_matched,797,-0.6902023310118297
1.8,hw_matched,798,-0.5755526963824038
1.8,hw_matched,799,-0.3681513129051732
1.8,hw_matched,800,-0.5285837367393964
1.8,hw_matched,801,-0.3736669987631773
1.8,hw_matched,802,-0.5999104349438011
1.8,hw_matched,803,-0.5505204522953591
1.8,hw_matched,804,-0.6243850653948186
1.8,hw_matched,805,-0.4583343509114568
1.8,hw_matched,806,-0.6425842016697536
1.8,hw_matched,807,-0.6378524156513297
1.8,hw_matched,808,-0.42124067042860536
1.8,hw_matched,809,-0.48196790572657955
1.8,hw_matched,810,-0.523103104758452
1.8,hw_matched,811,-0.45375746085577173
1.8,hw_matched,812,-0.4009233938029577
1.8,hw_matched,813,-0.4813795142720172
1.8,hw_matched,814,-0.5336466536197471
1.8,hw_matched,815,-0.7238201757051412
1.8,hw_matched,816,-0.38195103358545657
1.8,hw_matched,817,-0.3114141216438051
1.8,hw_matched,818,-0.38859248288713477
1.8,hw_matched,819,-0.5580740528158405
1.8,hw_matched,820,-0.5374815306556329
1.8,hw_matched,821,-0.5669286066549264
1.8,hw_matched,822,-0.6214529671373077
1.8,hw_matched,823,-0.4398181053898593
1.8,hw_matched,824,-0.6459341771829126
1.8,hw_matched,825,-0.4833173131807864
1.8,hw_matched,826,-0.35488425542674795
1.8,hw_matched,827,-0.6008401952956468
1.8,hw_matched,828,-0.44951843059922125
1.8,hw_matched,829,-0.6150573995614694
1.8,hw_matched,830,-0.5459746769640774
1.8,hw_matched,831,-0.3837375128931879
1.8,hw_matched,832,-0.5033437153644551
1.8,hw_matched,833,-0.46586896197914096
1.8,hw_matched,834,-0.5768930567656918
1.8,hw_matched,835,-0.35011438607596146
1.8,hw_matched,836,-0.5693275943302507
1.8,hw_matched,837,-0.5219839514636901
1.8,hw_matched,838,-0.538349210712906
1.8,hw_matched,839,-0.5067757037243845
1.8,hw_matched,840,-0.56554338892489
1.8,hw_matched,841,-0.7512098413206121
1.8,hw_matched,842,-0.337658950409772
1.8,hw_matched,843,-0.6024050044470552
1.8,hw_matched,844,-0.4822415816463028
1.8,hw_matched,845,-1.0254915766367354
1.8,hw_matched,846,-0.9092514348058673
1.8,hw_matched,847,-0.3047257310446063
1.8,hw_matched,848,-0.5874898428879229
1.8,hw_matched,849,-0.5994980405154642
1.8,hw_matched,850,-0.7266258729429511
1.8,hw_matched,851,-0.30893229561359425
1.8,hw_matched,852,-0.5598731087901543
1.8,hw_matched,853,-0.4469024269945576
1.8,hw_matched,854,-1.047998295435277
1.8,hw_matched,855,-0.7136335447105386
1.8,hw_matched,856,-0.6231858198530913
1.8,hw_matched,857,-0.40002713378046595
1.8,hw_matched,858,-0.35438659358692237
1.8,hw_matched,859,-0.9723721107039991
1.8,hw_matched,860,-0.5851139065920459
1.8,hw_matched,861,-0.31437010425586376
1.8,hw_matched,862,-0.5252661053597323
1.8,hw_matched,863,-1.1041421095925315
1.8,hw_matched,864,-1.1925418650975619
1.8,hw_matched,865,-0.46168083591755105
1.8,hw_matched,866,-0.8162952209419596
1.8,hw_matched,867,-0.4440316796147159
1.8,hw_matched,868,-1.1437983453806493
1.8,hw_matched,869,-0.6900460321380364
1.8,hw_matched,870,-0.3169011695575765
1.8,hw_matched,871,-0.22903794251639487
1.8,hw_matched,872,-0.6898664894086617
1.8,hw_matched,873,-0.4210009149765619
1.8,hw_matched,874,-0.38704162473746995
1.8,hw_matched,875,-0.4932318702290419
1.8,hw_matched,876,-0.560234427197223
1.8,hw_matched,877,-0.571579745986692
1.8,hw_matched,878,-0.420544922463842
1.8,hw_matched,879,-0.574809788820801
1.8,hw_matched,880,-1.0119891926245557
1.8,hw_matched,881,-0.41818794987157415
1.8,hw_matched,882,-0.47381603537870043
1.8,hw_matched,883,-0.7052567299136472
1.8,hw_matched,884,-0.6161859187113965
1.8,hw_matched,885,-0.6480202328320661
1.8,hw_matched,886,-0.45151323781218466
1.8,hw_matched,887,-0.4398628424242472
1.8,hw_matched,888,-0.4792965322317173
1.8,hw_matched,889,-0.5309009019962585
1.8,hw_matched,890,-0.4522418753975632
1.8,hw_matched,891,-0.3160355472472811
1.8,hw_matched,892,-0.3996894214264377
1.8,hw_matched,893,-0.5448670308447312
1.8,hw_matched,894,-0.6724941158036326
1.8,hw_matched,895,-0.5439559979923738
1.8,hw_matched,896,-0.35079103074687756
1.8,hw_matched,897,-0.3297544296882631
1.8,hw_matched,898,-0.3372936894363743
1.8,hw_matched,899,-0.5786305268266487
1.8,hw_matched,900,-0.7779136259274182
1.8,hw_matched,901,-0.7886081501814706
1.8,hw_matched,902,-0.5224613415158808
1.8,hw_matched,903,-0.7133956927188629
1.8,hw_matched,904,-0.974501443268464
1.8,hw_matched,905,-0.7326238908724823
1.8,hw_matched,906,-0.483560638975153
1.8,hw_matched,907,-0.4130520394537842
1.8,hw_matched,908,-0.3295694381526071
1.8,hw_matched,909,-0.8338141795494698
1.8,hw_matched,910,-0.49692897645960055
1.8,hw_matched,911,-0.7914447626099794
1.8,hw_matched,912,-0.5567777653847494
1.8,hw_matched,913,-0.5926454458899493
1.8,hw_matched,914,-0.5148803126958403
1.8,hw_matched,915,-0.6363503015036451
1.8,hw_matched,916,-0.2325408060348344
1.8,hw_matched,917,-0.8252846615814025
1.8,hw_matched,918,-0.44240498982880383
1.8,hw_matched,919,-0.6192531848253524
1.8,hw_matched,920,-0.7707273733630691
1.8,hw_matched,921,-0.440166621324416
1.8,hw_matched,922,-0.599574167869541
1.8,hw_matched,923,-0.5204957132045034
1.8,hw_matched,924,-0.6193070908510891
1.8,hw_matched,925,-0.7951193667741991
1.8,hw_matched,926,-0.60391823029548
1.8,hw_matched,927,-0.8934597445168542
1.8,hw_matched,928,-0.6678842706895578
1.8,hw_matched,929,-0.43759299700590626
1.8,hw_matched,930,-0.5502074214565729
1.8,hw_matched,931,-0.31328145333626045
1.8,hw_matched,932,-0.6888914648236895
1.8,hw_matched,933,-0.44191738150624915
1.8,hw_matched,934,-0.3352901396117709
1.8,hw_matched,935,-0.39394107095135444
1.8,hw_matched,936,-0.6476001975810939
1.8,hw_matched,937,-0.5934985289317969
1.8,hw_matched,938,-0.3859462026445899
1.8,hw_matched,939,-0.27477486891257485
1.8,hw_matched,940,-0.4760931057826068
1.8,hw_matched,941,-0.34876426151366613
1.8,hw_matched,942,-0.5052412009180158
1.8,hw_matched,943,-0.5525287415621689
1.8,hw_matched,944,-0.4723634517513804
1.8,hw_matched,945,-0.8385849988766823
1.8,hw_matched,946,-0.7449237886321123
1.8,hw_matched,947,-0.4840896152450238
1.8,hw_matched,948,-0.4570983049774515
1.8,hw_matched,949,-0.38082249001722834
1.8,hw_matched,950,-0.3441560377160451
1.8,hw_matched,951,-0.7410788324208646
1.8,hw_matched,952,-0.5573647906562322
1.8,hw_matched,953,-0.43523402953404977
1.8,hw_matched,954,-0.6038730166818
1.8,hw_matched,955,-0.4795941182622807
1.8,hw_matched,956,-0.5322943997577565
1.8,hw_matched,957,-0.5026963285218609
1.8,hw_matched,958,-0.4858554925806047
1.8,hw_matched,959,-0.5918792379441635
1.8,hw_matched,960,-0.3950077078115024
1.8,hw_matched,961,-0.3948815705227209
1.8,hw_matched,962,-0.7006384382418365
1.8,hw_matched,963,-0.7577385831913208
1.8,hw_matched,964,-0.5324721738843101
1.8,hw_matched,965,-0.6632257793419567
1.8,hw_matched,966,-0.48826978189303016
1.8,hw_matched,967,-0.43498519681290526
1.8,hw_matched,968,-0.4602334249594453
1.8,hw_matched,969,-0.6007115793613693
1.8,hw_matched,970,-0.5805937446794762
1.8,hw_matched,971,-0.40846756131484696
1.8,hw_matched,972,-0.33439030453707863
1.8,hw_matched,973,-0.6357892944184351
1.8,hw_matched,974,-0.9484415388731029
1.8,hw_matched,975,-0.6195215903978011
1.8,hw_matched,976,-0.9257238267219541
1.8,hw_matched,977,-0.5843212680601038
1.8,hw_matched,978,-0.5119471223825465
1.8,hw_matched,979,-0.46024924364138897
1.8,hw_matched,980,-0.43768873347180937
1.8,hw_matched,981,-0.36294888202479525
1.8,hw_matched,982,-0.540973209514837
1.8,hw_matched,983,-0.5286045885820172
1.8,hw_matched,984,-0.6950260109931241
1.8,hw_matched,985,-0.6169474132674193
1.8,hw_matched,986,-0.5109172357282694
1.8,hw_matched,987,-0.6112246927651166
1.8,hw_matched,988,-0.4975598668289969
1.8,hw_matched,989,-0.6278553621963887
1.8,hw_matched,990,-0.4866244716236783
1.8,hw_matched,991,-0.6815944123250908
1.8,hw_matched,992,-0.44004637332320273
1.8,hw_matched,993,-0.5168456979966858
1.8,hw_matched,994,-0.6004745587993987
1.8,hw_matched,995,-0.45931917561746016
1.8,hw_matched,996,-0.6853225621196637
1.8,hw_matched,997,-1.008930741725429
1.8,hw_matched,998,-0.7342895936548826
1.8,hw_matched,999,-0.4786527783362515
1.8,500,0,-0.5909159205487553
1.8,500,1,-0.7113389662688101
1.8,500,2,-0.6666263693586556
1.8,500,3,-0.5626820855047066
1.8,500,4,-0.4931810179413296
1.8,500,5,-0.5013475802476306
1.8,500,6,-0.5408503705577408
1.8,500,7,-0.47805693764262314
1.8,500,8,-0.6530320943280961
1.8,500,9,-0.6312339345100919
1.8,500,10,-0.4979542009824327
1.8,500,11,-0.5059865605403646
1.8,500,12,-0.6878266496263248
1.8,500,13,-0.6482558148356985
1.8,500,14,-0.7784192844200328
1.8,500,15,-0.6449564100997154
1.8,500,16,-0.5794841600641218
1.8,500,17,-0.5303215631318572
1.8,500,18,-0.6801591711272132
1.8,500,19,-0.4608063793133106
1.8,500,20,-0.5173295229833084
1.8,500,21,-0.6828441344754612
1.8,500,22,-0.6538977026612041
1.8,500,23,-0.5343377462435692
1.8,500,24,-0.5672577083246213
1.8,500,25,-0.49706137721278876
1.8,500,26,-0.7510933916684599
1.8,500,27,-0.6110890658526911
1.8,500,28,-0.4394275504973948
1.8,500,29,-0.7597723085336077
1.8,500,30,-0.6775058375364267
1.8,500,31,-0.4648544111612396
1.8,500,32,-0.6493977553407402
1.8,500,33,-0.920104676754337
1.8,500,34,-0.8229315882302017
1.8,500,35,-0.7983016698284531
1.8,500,36,-0.64687332496457
1.8,500,37,-1.0552791705460316
1.8,500,38,-0.6776939606742525
1.8,500,39,-0.6637207158377127
1.8,500,40,-0.7798414015428066
1.8,500,41,-0.654160449324463
1.8,500,42,-0.7055442282794251
1.8,500,43,-0.7175370242136354
1.8,500,44,-0.9213680400750119
1.8,500,45,-0.6095240067830121
1.8,500,46,-0.6764575972071616
1.8,500,47,-0.7480493714846033
1.8,500,48,-0.7106230224618857
1.8,500,49,-0.618691291374138
1.8,500,50,-0.5906487005275627
1.8,500,51,-0.4387055392396797
1.8,500,52,-0.5226550726646071
1.8,500,53,-0.6952786125688013
1.8,500,54,-0.7343581382524615
1.8,500,55,-0.7720493146363223
1.8,500,56,-0.7260610402902414
1.8,500,57,-0.5516131781160745
1.8,500,58,-0.9218526166895218
1.8,500,59,-0.7123846099543036
1.8,500,60,-0.7976103328528212
1.8,500,61,-0.6347658537581915
1.8,500,62,-0.6667381171771574
1.8,500,63,-0.46947924555104725
1.8,500,64,-0.5072282878119991
1.8,500,65,-0.6646518165693727
1.8,500,66,-0.4879750551506217
1.8,500,67,-0.4500401891790875
1.8,500,68,-0.49808449056839565
1.8,500,69,-0.547940754196641
1.8,500,70,-0.6921592898615261
1.8,500,71,-0.6495692838491436
1.8,500,72,-0.6972660359979914
1.8,500,73,-0.5941127067520111
1.8,500,74,-0.7815830109188595
1.8,500,75,-0.6920599119856279
1.8,500,76,-0.6242028682338552
1.8,500,77,-0.4851711280037847
1.8,500,78,-0.4771234059168452
1.8,500,79,-0.8037208210140931
1.8,500,80,-0.5169407754969308
1.8,500,81,-0.6750068192462444
1.8,500,82,-0.6434533165092076
1.8,500,83,-0.6756541271012633
1.8,500,84,-0.7063462693647609
1.8,500,85,-0.8440442475787817
1.8,500,86,-0.5485725994703678
1.8,500,87,-0.596573791517955
1.8,500,88,-0.7624542921250996
1.8,500,89,-0.7320485806598027
1.8,500,90,-0.8809587569417203
1.8,500,91,-0.7600317429900834
1.8,500,92,-0.5553934528547317
1.8,500,93,-0.5941770670423414
1.8,500,94,-0.5288423907278124
1.8,500,95,-0.5262768094362242
1.8,500,96,-0.43028850320657197
1.8,500,97,-0.5914054501430277
1.8,500,98,-0.698360542982545
1.8,500,99,-0.799211007118132
1.8,500,100,-0.5122436174775049
1.8,500,101,-0.7084270893390616
1.8,500,102,-0.6304749848205671
1.8,500,103,-0.468535067181745
1.8,500,104,-0.6449092261124529
1.8,500,105,-0.6142077411842894
1.8,500,106,-0.5201187766515898
1.8,500,107,-0.750938230669449
1.8,500,108,-0.805477179693803
1.8,500,109,-0.5770788209685942
1.8,500,110,-0.7213060308346102
1.8,500,111,-0.6642270795740428
1.8,500,112,-0.7934325276254721
1.8,500,113,-0.521642359816147
1.8,500,114,-0.6643950930863085
1.8,500,115,-0.7794053373735306
1.8,500,116,-0.6372291608393099
1.8,500,117,-0.6646888397225019
1.8,500,118,-0.4910376119901496
1.8,500,119,-0.735310885792098
1.8,500,120,-0.62986031475603
1.8,500,121,-0.5237031975419923
1.8,500,122,-0.6705381335908556
1.8,500,123,-0.6065617829280912
1.8,500,124,-0.7432472556096905
1.8,500,125,-0.7321433107750979
1.8,500,126,-0.5105964753273213
1.8,500,127,-0.7398646831337885
1.8,500,128,-0.5600993271637875
1.8,500,129,-0.7828146213119029
1.8,500,130,-0.5496481921872753
1.8,500,131,-0.48181916059799024
1.8,500,132,-0.7508460986577945
1.8,500,133,-0.5177406115610048
1.8,500,134,-0.46712219244344455
1.8,500,135,-0.6060222346098658
1.8,500,136,-0.8433585294667227
1.8,500,137,-0.7549823200916617
1.8,500,138,-0.825218421732453
1.8,500,139,-0.7826617942452554
1.8,500,140,-0.753692466509833
1.8,500,141,-0.757759465224946
1.8,500,142,-0.5821010767710566
1.8,500,143,-0.47125256585433073
1.8,500,144,-0.4850452363195443
1.8,500,145,-1.0281634069888677
1.8,500,146,-0.35494752136149543
1.8,500,147,-0.6613974925872237
1.8,500,148,-0.6654936569987377
1.8,500,149,-0.5609648419748701
1.8,500,150,-0.4282159616938277
1.8,500,151,-0.6482955141959414
1.8,500,152,-0.8015966149021236
1.8,500,153,-0.4606043629181613
1.8,500,154,-0.5581011363519954
1.8,500,155,-0.6800887355647616
1.8,500,156,-0.6823317000977391
1.8,500,157,-0.6957985107670737
1.8,500,158,-0.7911834154454489
1.8,500,159,-0.7278482490299343
1.8,500,160,-0.833396951572134
1.8,500,161,-0.5992959622361256
1.8,500,162,-0.4569517245384529
1.8,500,163,-0.7463931169874296
1.8,500,164,-0.7776325810009359
1.8,500,165,-0.6850913509861905
1.8,500,166,-0.5809020449571434
1.8,500,167,-0.47537084855838807
1.8,500,168,-0.5789867918135814
1.8,500,169,-0.6052917884180871
1.8,500,170,-0.5498052313374509
1.8,500,171,-0.7710137634133942
1.8,500,172,-0.6328716659924105
1.8,500,173,-0.774868230555029
1.8,500,174,-0.7263011813219453
1.8,500,175,-0.7113849707279567
1.8,500,176,-1.0142951556798532
1.8,500,177,-0.5926145888564738
1.8,500,178,-0.48013053189932453
1.8,500,179,-0.6917090871961151
1.8,500,180,-0.7207358888436215
1.8,500,181,-0.5395223162536229
1.8,500,182,-0.41408069942128267
1.8,500,183,-0.7049427457318898
1.8,500,184,-0.5372173043208361
1.8,500,185,-0.4796485213098989
1.8,500,186,-0.5853027690686157
1.8,500,187,-0.7319145403861425
1.8,500,188,-0.6562697427730253
1.8,500,189,-0.8191836502008698
1.8,500,190,-0.6190117390403853
1.8,500,191,-0.6633821757050664
1.8,500,192,-0.6328313406715054
1.8,500,193,-0.7080571043544097
1.8,500,194,-0.6104010663303345
1.8,500,195,-0.5178924236213358
1.8,500,196,-0.600766237519931
1.8,500,197,-0.7359000111096821
1.8,500,198,-0.5124482450250722
1.8,500,199,-0.8166235126660943
1.8,500,200,-0.6568919491460008
1.8,500,201,-0.6533118517965439
1.8,500,202,-0.7089218823703689
1.8,500,203,-0.7918227455470273
1.8,500,204,-0.8983619713868234
1.8,500,205,-0.46376313582629125
1.8,500,206,-0.6716970714372139
1.8,500,207,-0.4619876103736076
1.8,500,208,-0.6992233125392775
1.8,500,209,-0.7006558820121043
1.8,500,210,-0.43517680156726746
1.8,500,211,-0.44063376260558695
1.8,500,212,-0.5988378062290602
1.8,500,213,-0.5730911168712425
1.8,500,214,-0.6090156187230067
1.8,500,215,-0.7697167868875545
1.8,500,216,-0.44626698671819076
1.8,500,217,-0.5928569423857539
1.8,500,218,-0.544414558979502
1.8,500,219,-0.8084288336251593
1.8,500,220,-0.6179854630642021
1.8,500,221,-0.7343697455162286
1.8,500,222,-0.5065298515702734
1.8,500,223,-0.7995162896721915
1.8,500,224,-0.8193306595028993
1.8,500,225,-0.6241969259200921
1.8,500,226,-0.7607250730657344
1.8,500,227,-0.44098978445630754
1.8,500,228,-0.796635403229289
1.8,500,229,-0.6636361016301526
1.8,500,230,-0.8413892069040045
1.8,500,231,-0.7374195180812719
1.8,500,232,-0.602877089064366
1.8,500,233,-0.5103763931047685
1.8,500,234,-0.4695999270913054
1.8,500,235,-0.6924904382098513
1.8,500,236,-0.7781999000383999
1.8,500,237,-0.6998219280669677
1.8,500,238,-0.4792428652053162
1.8,500,239,-0.5379869927730083
1.8,500,240,-0.7008039630864502
1.8,500,241,-0.6872607136212507
1.8,500,242,-0.7557665554386044
1.8,500,243,-0.47410877081853897
1.8,500,244,-0.5636008169194846
1.8,500,245,-0.4867877704949153
1.8,500,246,-0.4275869682308988
1.8,500,247,-0.5022546106967134
1.8,500,248,-0.7162174481039929
1.8,500,249,-0.3690993550224999
1.8,500,250,-0.8367596153405508
1.8,500,251,-0.5393569961129554
1.8,500,252,-0.7104493301003423
1.8,500,253,-0.5283145633148836
1.8,500,254,-0.6301238548832304
1.8,500,255,-0.5112380811468842
1.8,500,256,-0.7331528005909891
1.8,500,257,-0.7754934818235428
1.8,500,258,-0.4832321759909124
1.8,500,259,-0.6142751597262321
1.8,500,260,-0.6180733105186831
1.8,500,261,-0.7194512417641479
1.8,500,262,-0.4099761416817158
1.8,500,263,-0.622148384936672
1.8,500,264,-0.5217392760159754
1.8,500,265,-0.667135324882423
1.8,500,266,-0.7351326390084023
1.8,500,267,-0.7192129226351271
1.8,500,268,-0.49271923606373114
1.8,500,269,-0.5541751582315013
1.8,500,270,-0.5904194778024452
1.8,500,271,-0.6699231731269992
1.8,500,272,-0.7509398878448728
1.8,500,273,-0.8748282114724959
1.8,500,274,-0.8363608882465359
1.8,500,275,-0.6436168222954002
1.8,500,276,-0.6780308639366035
1.8,500,277,-0.5144707500193486
1.8,500,278,-0.6925706532881732
1.8,500,279,-0.6282167438511672
1.8,500,280,-0.5278901704970791
1.8,500,281,-0.7476942300598026
1.8,500,282,-0.6365428368324173
1.8,500,283,-0.7167839230914925
1.8,500,284,-0.678651245176652
1.8,500,285,-0.8859322944817047
1.8,500,286,-0.5766173342032461
1.8,500,287,-0.64452825256062
1.8,500,288,-0.4256761560242288
1.8,500,289,-0.40875835730031795
1.8,500,290,-0.6092622839379593
1.8,500,291,-0.6255006548764053
1.8,500,292,-0.8547006447504917
1.8,500,293,-0.7275242095932006
1.8,500,294,-0.8735269869171187
1.8,500,295,-0.4831721050335076
1.8,500,296,-0.5595532015407652
1.8,500,297,-0.5996111455631115
1.8,500,298,-0.4814769736826545
1.8,500,299,-0.6829170268373146
1.8,500,300,-0.783591471179681
1.8,500,301,-0.7813869450690973
1.8,500,302,-0.49567869350938554
1.8,500,303,-0.6389012037127069
1.8,500,304,-0.8042345566785507
1.8,500,305,-0.5237807507170777
1.8,500,306,-0.6470933154773453
1.8,500,307,-0.7969772668969624
1.8,500,308,-0.6402745166376511
1.8,500,309,-0.5210631514864168
1.8,500,310,-0.6196427065120802
1.8,500,311,-0.799544766887889
1.8,500,312,-0.6346209030415706
1.8,500,313,-0.8141068231861082
1.8,500,314,-0.8053377773628283
1.8,500,315,-0.7321349956904537
1.8,500,316,-0.7483847794861054
1.8,500,317,-0.5495648645813422
1.8,500,318,-0.7598108878504504
1.8,500,319,-0.5120041356710463
1.8,500,320,-1.02101447319445
1.8,500,321,-0.5868340037372151
1.8,500,322,-0.6586222390508478
1.8,500,323,-0.5885886746896065
1.8,500,324,-0.8217395736118391
1.8,500,325,-0.5002834814406181
1.8,500,326,-0.8671435522706865
1.8,500,327,-0.7629445601092
1.8,500,328,-0.9107141871045941
1.8,500,329,-0.6895236208560103
1.8,500,330,-0.6066437625581518
1.8,500,331,-0.7294837122823525
1.8,500,332,-0.5243456122186823
1.8,500,333,-0.5788612299615614
1.8,500,334,-0.9008871172157868
1.8,500,335,-0.6079642073966169
1.8,500,336,-0.44997565560630925
1.8,500,337,-0.5137093226753024
1.8,500,338,-0.6475423701431173
1.8,500,339,-0.633598247619394
1.8,500,340,-0.4703017993163019
1.8,500,341,-0.5185815451087457
1.8,500,342,-0.6710776013455546
1.8,500,343,-0.6550042623167893
1.8,500,344,-0.5365120744324026
1.8,500,345,-0.4551463819938333
1.8,500,346,-0.6406947991505132
1.8,500,347,-0.44481640864301797
1.8,500,348,-0.6346627564259575
1.8,500,349,-0.7129878431320402
1.8,500,350,-0.49232639303068737
1.8,500,351,-0.6987117052950378
1.8,500,352,-0.6205029860838929
1.8,500,353,-0.4017559057473781
1.8,500,354,-0.6618679180354385
1.8,500,355,-0.6916871931150277
1.8,500,356,-0.856713369806797
1.8,500,357,-0.7255691741073826
1.8,500,358,-0.7843754604571973
1.8,500,359,-0.7894954426208036
1.8,500,360,-0.6815886548074712
1.8,500,361,-0.5116071519964207
1.8,500,362,-0.7027349469282214
1.8,500,363,-0.632321071377562
1.8,500,364,-0.7298735271121208
1.8,500,365,-0.7890640601230827
1.8,500,366,-0.5607259311771358
1.8,500,367,-0.6272807973099443
1.8,500,368,-0.8083136559247242
1.8,500,369,-0.752440486094716
1.8,500,370,-0.7245682111194565
1.8,500,371,-0.7380945493699105
1.8,500,372,-0.6331004144014978
1.8,500,373,-0.5552717358845836
1.8,500,374,-0.5303167485677227
1.8,500,375,-0.5154215964195075
1.8,500,376,-0.78465087416219
1.8,500,377,-0.6874892898374168
1.8,500,378,-0.599994154479262
1.8,500,379,-0.5663607692674228
1.8,500,380,-0.6058045031719812
1.8,500,381,-0.5498221550568223
1.8,500,382,-0.7615418854813396
1.8,500,383,-0.5957692708386346
1.8,500,384,-0.5818752274336263
1.8,500,385,-0.5129717936863518
1.8,500,386,-0.816538577535423
1.8,500,387,-0.534562064594079
1.8,500,388,-0.7796396288174703
1.8,500,389,-0.5348083042995309
1.8,500,390,-0.484797440039064
1.8,500,391,-0.8558883000882138
1.8,500,392,-0.37238409466670097
1.8,500,393,-0.460819401528457
1.8,500,394,-0.47074083085324836
1.8,500,395,-0.6679195666958921
1.8,500,396,-0.8172585239897499
1.8,500,397,-0.6784113446544233
1.8,500,398,-0.5229474477086682
1.8,500,399,-0.44930790053250447
1.8,500,400,-0.7506232940463302
1.8,500,401,-0.6518086020247351
1.8,500,402,-0.7557645335911525
1.8,500,403,-0.6525034843386952
1.8,500,404,-0.6727521231866689
1.8,500,405,-0.6232194958568695
1.8,500,406,-0.7233454423020027
1.8,500,407,-0.747192553542233
1.8,500,408,-0.8086379682305289
1.8,500,409,-0.7097444898684517
1.8,500,410,-0.7258132330134683
1.8,500,411,-0.3785119465601612
1.8,500,412,-0.6611429149097097
1.8,500,413,-0.9811889157737972
1.8,500,414,-0.7072041651353018
1.8,500,415,-0.4906985875285954
1.8,500,416,-0.8002184579700513
1.8,500,417,-0.7544838608562578
1.8,500,418,-0.6822354320882198
1.8,500,419,-0.6160977551470825
1.8,500,420,-0.823901631051368
1.8,500,421,-0.643518302099487
1.8,500,422,-0.7056150728810668
1.8,500,423,-0.6893560138789152
1.8,500,424,-0.5056304736357409
1.8,500,425,-0.4912276301354088
1.8,500,426,-0.4776310022290937
1.8,500,427,-0.7175693331132758
1.8,500,428,-0.5942108890835993
1.8,500,429,-0.5684403422076258
1.8,500,430,-0.6147875588087999
1.8,500,431,-0.5512260327873855
1.8,500,432,-0.7061397048471483
1.8,500,433,-0.4583183832506621
1.8,500,434,-0.7346965644168948
1.8,500,435,-0.5942487936442009
1.8,500,436,-0.6960549529001216
1.8,500,437,-0.6717773044396973
1.8,500,438,-0.6909545906569117
1.8,500,439,-0.8588533389006974
1.8,500,440,-0.46182500358845324
1.8,500,441,-0.535243452256112
1.8,500,442,-0.7823606876953015
1.8,500,443,-0.7190077272397231
1.8,500,444,-0.4468248011267082
1.8,500,445,-0.7222587115013628
1.8,500,446,-0.7779790140831271
1.8,500,447,-0.801806326276276
1.8,500,448,-0.6719350176152701
1.8,500,449,-0.6847303251390249
1.8,500,450,-0.5357830901995293
1.8,500,451,-0.7299787629075369
1.8,500,452,-0.6645294852698151
1.8,500,453,-0.5762099775808229
1.8,500,454,-0.6320418860543633
1.8,500,455,-0.64669454565324
1.8,500,456,-0.7041755701173089
1.8,500,457,-0.6363180303694378
1.8,500,458,-0.6067818637434426
1.8,500,459,-0.6753546665019523
1.8,500,460,-0.6419416980431454
1.8,500,461,-0.6194706367772431
1.8,500,462,-0.7154203062284472
1.8,500,463,-0.9440232144164542
1.8,500,464,-0.7272352439210747
1.8,500,465,-0.6236060829389081
1.8,500,466,-0.5104100633029047
1.8,500,467,-0.7154880396913617
1.8,500,468,-0.7319335461276937
1.8,500,469,-0.5428485984899813
1.8,500,470,-0.5654083958433491
1.8,500,471,-0.6217361923301119
1.8,500,472,-0.6731032091064946
1.8,500,473,-0.6379145625258014
1.8,500,474,-0.6591174100720212
1.8,500,475,-0.6698191634110593
1.8,500,476,-0.7846702895385262
1.8,500,477,-0.7507074970049108
1.8,500,478,-0.41921118991653183
1.8,500,479,-0.49598508957426746
1.8,500,480,-0.8078034994904284
1.8,500,481,-0.5398280041108265
1.8,500,482,-0.5452893461507546
1.8,500,483,-0.5720053177166462
1.8,500,484,-0.7806839509446626
1.8,500,485,-0.6910667388472382
1.8,500,486,-0.5490336053580751
1.8,500,487,-0.4611927402099747
1.8,500,488,-0.6211397247903498
1.8,500,489,-0.7292083283760538
1.8,500,490,-0.6580380423741574
1.8,500,491,-0.47517044154956656
1.8,500,492,-0.7503097720661551
1.8,500,493,-0.7078245809098012
1.8,500,494,-0.4181528264101102
1.8,500,495,-0.4427607305236745
1.8,500,496,-0.6865738263204513
1.8,500,497,-0.48717664109070213
1.8,500,498,-0.7337696081352021
1.8,500,499,-0.7544368403336776
1.8,500,500,-0.7468305385326024
1.8,500,501,-0.6708316990222549
1.8,500,502,-0.7144295387247006
1.8,500,503,-0.7523082914742294
1.8,500,504,-0.7830011344934276
1.8,500,505,-0.6085066204752985
1.8,500,506,-0.45999491693749484
1.8,500,507,-0.7808773651891103
1.8,500,508,-0.767777673399975
1.8,500,509,-0.677443448677199
1.8,500,510,-0.4126024583474368
1.8,500,511,-0.528664478988611
1.8,500,512,-0.8000655412023203
1.8,500,513,-1.0028608409238253
1.8,500,514,-0.7084638727441364
1.8,500,515,-0.5314754959977079
1.8,500,516,-0.5508489178043414
1.8,500,517,-0.7221445639906232
1.8,500,518,-0.8574068617452002
1.8,500,519,-0.7393510635497784
1.8,500,520,-0.4964518866739358
1.8,500,521,-0.8573758709602368
1.8,500,522,-0.4823114477042376
1.8,500,523,-0.9174199423017007
1.8,500,524,-0.7507409451665839
1.8,500,525,-0.6274125421880505
1.8,500,526,-0.5161789379793982
1.8,500,527,-0.5903041708731103
1.8,500,528,-0.47913670412916454
1.8,500,529,-0.6587928223211685
1.8,500,530,-0.5896533011726497
1.8,500,531,-0.6833168138282584
1.8,500,532,-0.7185947269658652
1.8,500,533,-0.4837509026795903
1.8,500,534,-0.6617212600656037
1.8,500,535,-0.7078177147042777
1.8,500,536,-0.7184648206362638
1.8,500,537,-0.5380398131244544
1.8,500,538,-0.8031275141626391
1.8,500,539,-0.681647223509491
1.8,500,540,-0.6791008665516602
1.8,500,541,-0.6514878879152837
1.8,500,542,-0.7520090018508683
1.8,500,543,-0.902068482917707
1.8,500,544,-0.6379114821088863
1.8,500,545,-1.0120085664254086
1.8,500,546,-0.557164204728102
1.8,500,547,-0.7959755836412399
1.8,500,548,-0.5040966139400769
1.8,500,549,-0.6501829972140745
1.8,500,550,-0.8459302127818638
1.8,500,551,-0.5207171424277208
1.8,500,552,-0.6898428770369538
1.8,500,553,-0.5634988966266774
1.8,500,554,-0.7364699673291364
1.8,500,555,-0.38631738761524015
1.8,500,556,-0.5665389796928226
1.8,500,557,-0.518786383296794
1.8,500,558,-0.45535581869585373
1.8,500,559,-0.6929797127340245
1.8,500,560,-0.6547363450762598
1.8,500,561,-0.6010235939646027
1.8,500,562,-0.5774186832484507
1.8,500,563,-0.6970470336325201
1.8,500,564,-0.4637073197057222
1.8,500,565,-0.7905520441181242
1.8,500,566,-0.7632787326035533
1.8,500,567,-0.5117551406137053
1.8,500,568,-0.7267283848749642
1.8,500,569,-0.6654516895089564
1.8,500,570,-0.593148282389135
1.8,500,571,-1.0492496320879203
1.8,500,572,-0.7715965489149954
1.8,500,573,-0.7095022068935262
1.8,500,574,-0.5817304726591734
1.8,500,575,-0.7700917795075268
1.8,500,576,-0.7270362076890544
1.8,500,577,-0.5565191158791842
1.8,500,578,-0.7384870274141133
1.8,500,579,-0.840115357601414
1.8,500,580,-0.5736528109431938
1.8,500,581,-0.7177542201302853
1.8,500,582,-0.6035517627228211
1.8,500,583,-0.65120221614128
1.8,500,584,-0.5601568895152222
1.8,500,585,-0.7400166246899691
1.8,500,586,-0.6775723900970221
1.8,500,587,-0.6806640385386122
1.8,500,588,-0.7251908591461802
1.8,500,589,-0.6870372355909429
1.8,500,590,-0.5576595588101212
1.8,500,591,-0.5082311813073166
1.8,500,592,-0.7036850025968553
1.8,500,593,-0.6800858948606352
1.8,500,594,-0.6881061612034005
1.8,500,595,-0.5841232764615689
1.8,500,596,-0.7113723169170838
1.8,500,597,-0.47305554640447856
1.8,500,598,-0.6934494680193493
1.8,500,599,-0.6375104318021276
1.8,500,600,-0.4450517700717116
1.8,500,601,-0.505284216156016
1.8,500,602,-0.6222041215983984
1.8,500,603,-0.942106686600525
1.8,500,604,-0.6974456142202159
1.8,500,605,-0.6345086002539906
1.8,500,606,-0.7669683984660363
1.8,500,607,-0.629019507696182
1.8,500,608,-0.6510965322394062
1.8,500,609,-0.6179240294953432
1.8,500,610,-0.6993683932752022
1.8,500,611,-0.47436873779304456
1.8,500,612,-0.8556948437282041
1.8,500,613,-0.7501836760905891
1.8,500,614,-0.5098019324982896
1.8,500,615,-0.7804963610732627
1.8,500,616,-0.6950470268269937
1.8,500,617,-0.7190712836950901
1.8,500,618,-0.47855612701828876
1.8,500,619,-0.7148188127135646
1.8,500,620,-0.4910892211618081
1.8,500,621,-0.6633590756867112
1.8,500,622,-0.7172519695717141
1.8,500,623,-1.134987447916337
1.8,500,624,-0.6830284566180516
1.8,500,625,-0.5790276377503474
1.8,500,626,-0.7561915616429598
1.8,500,627,-0.6726138675699729
1.8,500,628,-0.66463548586066
1.8,500,629,-0.748552222401029
1.8,500,630,-0.8979197876023366
1.8,500,631,-0.5177057228312669
1.8,500,632,-0.63347238413533
1.8,500,633,-0.913223300949705
1.8,500,634,-0.7507823646202114
1.8,500,635,-0.5467603834619761
1.8,500,636,-1.1042306634476629
1.8,500,637,-0.8177161606767398
1.8,500,638,-0.6848475440916661
1.8,500,639,-0.4716476624337429
1.8,500,640,-0.5050244228455574
1.8,500,641,-0.4066904079840643
1.8,500,642,-0.6206213880732891
1.8,500,643,-0.6015469073930342
1.8,500,644,-0.7071066247269189
1.8,500,645,-0.7497460487279357
1.8,500,646,-0.49035933230396545
1.8,500,647,-0.7108086089199945
1.8,500,648,-0.8339062668350719
1.8,500,649,-0.4777013443643876
1.8,500,650,-0.7192719424830911
1.8,500,651,-0.6472310759289661
1.8,500,652,-0.7829140273637951
1.8,500,653,-0.7042606594924805
1.8,500,654,-0.6052424962870901
1.8,500,655,-0.6544914875845382
1.8,500,656,-0.5349007580798264
1.8,500,657,-0.6690002635565506
1.8,500,658,-0.8232409608414288
1.8,500,659,-0.7500457084955887
1.8,500,660,-0.6758735660380482
1.8,500,661,-0.4812134324019628
1.8,500,662,-0.6483112443766288
1.8,500,663,-0.5996574766803304
1.8,500,664,-0.546825186779414
1.8,500,665,-0.7601985026742959
1.8,500,666,-0.6985699696873848
1.8,500,667,-0.5922259000533432
1.8,500,668,-0.6500067819195188
1.8,500,669,-0.7708286797394632
1.8,500,670,-0.7324248049467146
1.8,500,671,-0.471485996400973
1.8,500,672,-0.6223181381854439
1.8,500,673,-0.4578788187166658
1.8,500,674,-0.48595806837547095
1.8,500,675,-0.5486874244155859
1.8,500,676,-0.45743193950696615
1.8,500,677,-0.5428901686387766
1.8,500,678,-0.6159896091595931
1.8,500,679,-0.662790201998636
1.8,500,680,-0.6567984403449636
1.8,500,681,-0.9151891712544213
1.8,500,682,-0.4430059570744438
1.8,500,683,-0.6522120353133551
1.8,500,684,-0.6819847308389593
1.8,500,685,-0.8422522220315125
1.8,500,686,-0.8441763167177991
1.8,500,687,-0.6349189518704597
1.8,500,688,-0.6640758931491513
1.8,500,689,-0.7116502955493227
1.8,500,690,-0.6578501618278638
1.8,500,691,-0.6739039264808508
1.8,500,692,-0.696384974427898
1.8,500,693,-0.6284809599156087
1.8,500,694,-0.4760407595563789
1.8,500,695,-0.7202934566615051
1.8,500,696,-0.7032947282170079
1.8,500,697,-0.6165393131314605
1.8,500,698,-0.5699990125607302
1.8,500,699,-0.5583561354950455
1.8,500,700,-0.805630056257093
1.8,500,701,-0.7149007164858847
1.8,500,702,-0.4862737306180325
1.8,500,703,-0.5195793015008814
1.8,500,704,-0.4797298199156812
1.8,500,705,-0.5710273397520054
1.8,500,706,-0.6682760364086198
1.8,500,707,-0.6542903431080438
1.8,500,708,-0.6353106328481395
1.8,500,709,-0.5033820039508812
1.8,500,710,-0.6121879249257265
1.8,500,711,-0.6164898311535045
1.8,500,712,-0.6316205248382589
1.8,500,713,-0.7369671827133253
1.8,500,714,-0.5798414057806391
1.8,500,715,-0.5802540459564698
1.8,500,716,-0.6404599502268271
1.8,500,717,-0.7532545234430748
1.8,500,718,-0.6257624494228806
1.8,500,719,-0.7441419471116602
1.8,500,720,-0.4384820108258325
1.8,500,721,-0.7270965696187519
1.8,500,722,-0.5953767492091835
1.8,500,723,-0.7362431038628703
1.8,500,724,-0.6977259644091125
1.8,500,725,-0.6752843169679061
1.8,500,726,-0.8043364281505538
1.8,500,727,-0.5526713586305478
1.8,500,728,-0.6174481763501667
1.8,500,729,-0.4429666762470086
1.8,500,730,-0.4691054121833609
1.8,500,731,-0.8050570588836181
1.8,500,732,-0.7677000060529224
1.8,500,733,-0.8626253783478393
1.8,500,734,-0.7469753402417847
1.8,500,735,-0.41654129102156845
1.8,500,736,-0.7665710930591452
1.8,500,737,-0.610672318691031
1.8,500,738,-0.39291553793082556
1.8,500,739,-0.6914356336731113
1.8,500,740,-0.5125506632645485
1.8,500,741,-0.5709819550740833
1.8,500,742,-0.8120545006256548
1.8,500,743,-0.5654203985720918
1.8,500,744,-0.7952130203452421
1.8,500,745,-0.5433306824704982
1.8,500,746,-0.6451965934291368
1.8,500,747,-0.4478576132427423
1.8,500,748,-0.6540304165840463
1.8,500,749,-0.6106340581724716
1.8,500,750,-0.7820030202305115
1.8,500,751,-0.4641193090264413
1.8,500,752,-0.6129389531341825
1.8,500,753,-0.4697196980377665
1.8,500,754,-0.7815573404046876
1.8,500,755,-0.6656163882506938
1.8,500,756,-0.5284057741014505
1.8,500,757,-0.6126084704714527
1.8,500,758,-0.801324221392131
1.8,500,759,-0.519957378346906
1.8,500,760,-0.4865787485666371
1.8,500,761,-0.5988324134103797
1.8,500,762,-0.7082186088238327
1.8,500,763,-0.5864929812813935
1.8,500,764,-0.5298895830112249
1.8,500,765,-0.5761959042639915
1.8,500,766,-0.815451754463391
1.8,500,767,-0.38727095628352526
1.8,500,768,-0.7317084299270125
1.8,500,769,-0.6203398930297266
1.8,500,770,-0.4276229241252736
1.8,500,771,-0.6170758116963957
1.8,500,772,-0.6774196814441396
1.8,500,773,-0.7081354204511072
1.8,500,774,-0.5728015514562965
1.8,500,775,-0.6981595625498769
1.8,500,776,-0.5491704427769566
1.8,500,777,-0.7130122131651577
1.8,500,778,-0.6991142861994861
1.8,500,779,-0.74067637247838
1.8,500,780,-0.48188431313131264
1.8,500,781,-0.6600784082890021
1.8,500,782,-0.7686420943609005
1.8,500,783,-0.727390938972539
1.8,500,784,-0.5971253509224164
1.8,500,785,-0.6854875190230569
1.8,500,786,-0.8085208931901482
1.8,500,787,-0.8392874951005966
1.8,500,788,-0.6478412050441589
1.8,500,789,-0.6557945080064855
1.8,500,790,-0.7242858899560027
1.8,500,791,-0.5185490738359964
1.8,500,792,-0.6762299720419529
1.8,500,793,-0.6629661867510952
1.8,500,794,-0.9468302192669338
1.8,500,795,-0.6556233111615204
1.8,500,796,-0.7280481971796449
1.8,500,797,-0.6732012730947428
1.8,500,798,-0.6770318035403755
1.8,500,799,-0.49284851902194937
1.8,500,800,-0.8097148374734491
1.8,500,801,-0.8359895249635612
1.8,500,802,-0.5945032438793021
1.8,500,803,-0.7629456459692492
1.8,500,804,-0.7122506229437777
1.8,500,805,-0.6588341579452459
1.8,500,806,-0.6433346108686717
1.8,500,807,-0.5295027970692605
1.8,500,808,-0.44210575093393767
1.8,500,809,-0.6605668105406755
1.8,500,810,-0.7429047562807032
1.8,500,811,-0.6727679766037802
1.8,500,812,-0.7551153436180322
1.8,500,813,-0.6050878389732057
1.8,500,814,-0.8147856299638809
1.8,500,815,-0.782269972829573
1.8,500,816,-0.7931712638600747
1.8,500,817,-0.6219503295802395
1.8,500,818,-0.7708154210107934
1.8,500,819,-0.6973371971901425
1.8,500,820,-0.661518628662215
1.8,500,821,-0.44041738831078603
1.8,500,822,-0.649490189535042
1.8,500,823,-0.7628742092568555
1.8,500,824,-0.7379003741649999
1.8,500,825,-0.6573928090808503
1.8,500,826,-0.704597044897088
1.8,500,827,-0.7107913046833931
1.8,500,828,-0.6398026144322104
1.8,500,829,-0.5915915520323765
1.8,500,830,-0.5569166218413508
1.8,500,831,-0.4208332185330621
1.8,500,832,-0.6317655898240815
1.8,500,833,-0.6320957982055249
1.8,500,834,-0.47620223811915796
1.8,500,835,-0.5452797683973363
1.8,500,836,-0.5077618826530788
1.8,500,837,-0.67464390606203
1.8,500,838,-0.6610192451506041
1.8,500,839,-0.4590567802147014
1.8,500,840,-0.8082025005358844
1.8,500,841,-0.48370311552910694
1.8,500,842,-0.5135119677138658
1.8,500,843,-0.7409563993711075
1.8,500,844,-0.7030081578897776
1.8,500,845,-0.49705199128372857
1.8,500,846,-0.5267640573287082
1.8,500,847,-0.7347600665053364
1.8,500,848,-0.7107936620230997
1.8,500,849,-0.5779620615208558
1.8,500,850,-0.5946622470906133
1.8,500,851,-0.8246892081679014
1.8,500,852,-0.47532974965590036
1.8,500,853,-0.5985744829505613
1.8,500,854,-0.49059685159970723
1.8,500,855,-0.46302090471918067
1.8,500,856,-0.623728592005607
1.8,500,857,-0.4391089349650781
1.8,500,858,-0.7044491891077138
1.8,500,859,-0.4627353878265219
1.8,500,860,-0.697393586174635
1.8,500,861,-0.9476258059855669
1.8,500,862,-0.6554688724520761
1.8,500,863,-0.584412987659163
1.8,500,864,-0.5467501850009262
1.8,500,865,-0.6007841090100601
1.8,500,866,-1.014924939645037
1.8,500,867,-0.7899978637325695
1.8,500,868,-0.7559010554444139
1.8,500,869,-0.6339414247968513
1.8,500,870,-0.7411774761028063
1.8,500,871,-0.6936667848972715
1.8,500,872,-0.43307920589698456
1.8,500,873,-0.5404343469510111
1.8,500,874,-0.7811395486005484
1.8,500,875,-0.4521849183300011
1.8,500,876,-0.770141021935201
1.8,500,877,-0.4306925270151931
1.8,500,878,-0.7350778414404151
1.8,500,879,-0.3962108957540713
1.8,500,880,-0.5392403371352714
1.8,500,881,-0.5545642996236024
1.8,500,882,-0.691119126314985
1.8,500,883,-0.5128096279472096
1.8,500,884,-0.7044941063451235
1.8,500,885,-0.7781581340375188
1.8,500,886,-0.41739306012444954
1.8,500,887,-0.6306910009319484
1.8,500,888,-0.5878275711999088
1.8,500,889,-0.7347452687859928
1.8,500,890,-0.7671787223315536
1.8,500,891,-0.7597310955056866
1.8,500,892,-0.45924410502429347
1.8,500,893,-0.5736991323430636
1.8,500,894,-1.0869338603140308
1.8,500,895,-0.6112849973675483
1.8,500,896,-0.7275671654790263
1.8,500,897,-0.4929657082947627
1.8,500,898,-0.5111019942750277
1.8,500,899,-0.7826110313600534
1.8,500,900,-0.5439045861952607
1.8,500,901,-0.5418138431765147
1.8,500,902,-0.5370591833878813
1.8,500,903,-0.5467144742945156
1.8,500,904,-0.7683600702248068
1.8,500,905,-0.7175733715975603
1.8,500,906,-0.6949154256454588
1.8,500,907,-0.6930950007077272
1.8,500,908,-0.6992024013646905
1.8,500,909,-0.7659917630123196
1.8,500,910,-0.5553816708886228
1.8,500,911,-0.7863526282042315
1.8,500,912,-0.6421306651215528
1.8,500,913,-0.47302060014146674
1.8,500,914,-0.44776539026686857
1.8,500,915,-0.827980853875731
1.8,500,916,-0.6549558647334917
1.8,500,917,-0.6999370011555739
1.8,500,918,-0.7235245032587188
1.8,500,919,-0.8632087078316477
1.8,500,920,-0.7844897166199278
1.8,500,921,-0.6002259767662173
1.8,500,922,-0.7005533357789631
1.8,500,923,-0.6270076354946337
1.8,500,924,-0.7317889906360255
1.8,500,925,-0.4762303170319422
1.8,500,926,-0.7748557076173983
1.8,500,927,-0.5109995362380735
1.8,500,928,-0.716555073181357
1.8,500,929,-0.5030017838628238
1.8,500,930,-0.4953967333220144
1.8,500,931,-0.6696537640136888
1.8,500,932,-0.7153972826852757
1.8,500,933,-0.6825186478796785
1.8,500,934,-0.633258867732511
1.8,500,935,-0.5909531254897196
1.8,500,936,-0.63708092006091
1.8,500,937,-0.5908446680725497
1.8,500,938,-0.423151986721791
1.8,500,939,-0.7804351420252276
1.8,500,940,-0.7702640554180888
1.8,500,941,-0.5848963620168024
1.8,500,942,-0.5072675948863739
1.8,500,943,-0.6067819776877348
1.8,500,944,-0.630279816975637
1.8,500,945,-0.597762498455487
1.8,500,946,-0.613792986604343
1.8,500,947,-0.7553283707795597
1.8,500,948,-0.683052185625604
1.8,500,949,-0.6405244696707417
1.8,500,950,-0.9910342941663906
1.8,500,951,-0.4696637715755394
1.8,500,952,-0.7523847317320804
1.8,500,953,-0.4351569032268643
1.8,500,954,-1.0430930902546098
1.8,500,955,-0.7711983829717146
1.8,500,956,-0.4617381549971977
1.8,500,957,-0.3888283732971025
1.8,500,958,-0.7612514645760324
1.8,500,959,-0.4944547091990783
1.8,500,960,-0.3703617779518378
1.8,500,961,-0.613452935130008
1.8,500,962,-0.7832320142952875
1.8,500,963,-0.6382835564779041
1.8,500,964,-0.5324780278744281
1.8,500,965,-0.49324065026059505
1.8,500,966,-0.7253477692942898
1.8,500,967,-0.6359414512074311
1.8,500,968,-0.746457237374692
1.8,500,969,-0.8203698252885272
1.8,500,970,-0.6500679086644359
1.8,500,971,-0.5048034824025243
1.8,500,972,-0.7830452400155961
1.8,500,973,-0.8238970165067214
1.8,500,974,-0.7240149470615793
1.8,500,975,-0.5563370653122599
1.8,500,976,-0.7288560755026483
1.8,500,977,-0.4728906397640089
1.8,500,978,-0.6737748356962436
1.8,500,979,-0.4207025456933777
1.8,500,980,-0.6246656028423556
1.8,500,981,-0.5470652801892095
1.8,500,982,-0.5075358395078673
1.8,500,983,-0.7260340364849469
1.8,500,984,-0.8993600818740739
1.8,500,985,-0.7215712753626351
1.8,500,986,-0.8058207046289196
1.8,500,987,-0.38369947999774556
1.8,500,988,-0.7419387617393964
1.8,500,989,-0.764458322864702
1.8,500,990,-0.5580406554930324
1.8,500,991,-0.49075983156446346
1.8,500,992,-0.5476550370421658
1.8,500,993,-0.48122327998941095
1.8,500,994,-0.5462649183896067
1.8,500,995,-0.498705994770277
1.8,500,996,-0.6231998785529325
1.8,500,997,-0.736955473671892
1.8,500,998,-0.72467926253399
1.8,500,999,-0.7599709682199483
